INVOICE;Исходный;;;;;;;;;;;;;;;;;;;;;;;;;;;;;;;;;;;;;;;;;
Код страны поставщика;УНП поставщика;Код филиала для поставщика;Наименование поставщика;ИМНС поставщика;Статус поставщика;ФИО подписавшего ЭСЧФ поставщика;Код страны получателя;УНП получателя;Код филиала для получателя;Наименование получателя;ИМНС получателя;Статус получателя;ФИО подписавшего ЭСЧФ получателя;№ ЭСЧФ;К ЭСЧФ;Тип ЭСЧФ;Статус ЭСЧФ;Дата выставления;Дата совершения;Дата подписания получателем;Дата аннулирования;Регистрационный номер выпуска товаров (поставщик);Дата выпуска товаров (поставщик);Дата разрешения на убытие товаров (поставщик);Реквизиты заявления о ввозе товаров и уплате косвенных налогов – номер (поставщик);Реквизиты заявления о ввозе товаров и уплате косвенных налогов – дата (поставщик);Регистрационный номер выпуска товаров (получатель);Реквизиты заявления о ввозе товаров и уплате косвенных налогов – номер (получатель);Реквизиты заявления о ввозе товаров и уплате косвенных налогов – дата (получатель);Дата ввоза товаров (получатель);Договор;Дата договора;Вид документа;Наименование документа;Код формы;Серия;Номер;Дата документа;Cумма без НДС;Cумма акциза;Сумма НДС;Стоимость с НДС
112;100006975;     ;"ООО ""Сервовит""    РБ";106;Продавец;Корчашко Елена Вячеславовна;112;691772248;     ;"ООО ""ХимПромОйл""";107;Покупатель; ;100006975-2018-0000000345;;Исходный;Выставлен. Подписан получателем;05.03.2018;28.02.2018;14.03.2018;;"""""";;;"""""";;"""""";"""""";;;"""0415/15""";15.04.2015;ТТН-1;;402961;ЮЯ;"""4825426""";28.02.2018;1311,2;0;262,24;1573,44
112;101007741;;"РУП ""БЕЛТЕЛЕКОМ""";111;Продавец;Зеленина Диана Викторовна;112;691772248;     ;"ООО""ХИМПРОМОИЛ""";107;Покупатель; ;101007741-2018-9703016709;;Исходный;Выставлен. Подписан получателем;09.03.2018;28.02.2018;14.03.2018;;"""""";;;"""""";;"""""";"""""";;;"""298""";28.12.2015;Счет-фактура;Счёт-фактура;;;"""1008817""";12.03.2018;66,25;0;16,56;82,81
112;800013732;;"Совместное общество с ограниченной ответственностью ""Мобильные ТелеСистемы""";107;Продавец;Щетко Дмитрий Николаевич;112;691772248;;"ООО ""ХимПромОил""";107;Покупатель; ;800013732-2018-1201258357;;Исходный;Выставлен. Подписан получателем;09.03.2018;28.02.2018;14.03.2018;;"""""";;;"""""";;"""""";"""""";;;"""107316615643""";05.12.2016;Другое;Счёт-акт оказанных услуг;;;"""8780517838""";28.02.2018;30;0;7,5;37,5
112;102302797;;"ФИЛИАЛ МГТС РУП ""БЕЛТЕЛЕКОМ""";104;Продавец;Ухтинская Светлана Сергеевна;112;691772248;     ;"ООО""ХИМПРОМОИЛ""";107;Покупатель; ;102302797-2018-9703021249;;Исходный;Выставлен. Подписан получателем;09.03.2018;28.02.2018;14.03.2018;;"""""";;;"""""";;"""""";"""""";;;"""298""";28.12.2015;Счет-фактура;Счёт-фактура;;;"""1008817""";12.03.2018;22,85;0;5,72;28,57
112;200180562;     ;"Общество с ограниченной ответственностью ""Белинвестторг""";271;Продавец;Юсковец Татьяна Васильевна;112;691772248;     ;"Общество с ограниченной ответственностью ""ХимПромОил""";107;Покупатель; ;200180562-2018-0000004787;;Исходный;Выставлен. Подписан получателем;06.03.2018;28.02.2018;12.03.2018;;"""""";;;"""""";;"""""";"""""";;;"""834/17М""";18.08.2017;ТТН-1;ТТН-1;402961;ЮЮ;"""0187491""";28.02.2018;416,68;0;83,34;500,02
112;190117474;;"УП ""ЖЭС МЖК""";107;Посредник;Волошина Галина Андреевна;112;691772248;;"ООО ""ХимПромОил""";107;Потребитель; ;190117474-2018-0000000303;;Исходный;Выставлен. Подписан получателем;16.03.2018;28.02.2018;23.03.2018;;"""""";;;"""""";;"""""";"""""";;;"""№74""";01.01.2017;Счет-фактура;;;;"""239""";12.03.2018;343,54;0;68,71;412,25
112;191426062;;Гоман К. Н.;107;Посредник;Гоман Кирилл Николаевич;112;691772248;;"ООО ""ХимПромОил""";107;Потребитель; ;191426062-2018-0000000041;;Исходный;Выставлен. Подписан получателем;19.03.2018;28.02.2018;23.03.2018;;"""""";;;"""""";;"""""";"""""";;;"""1""";05.03.2015;Счет-фактура;;;;"""2/2018""";19.03.2018;204,1;0;40,82;244,92
643;5262095538;     ;"АО ""СОВХИМТЕХ"", РФ";;Иностранная организация;Римша Александр Николаевич;112;691772248;     ;"ООО ХимПромОил""";107;Покупатель; ;691772248-2018-0000000784;;Исходный;Выставлен. Подписан получателем;20.03.2018;28.02.2018;20.03.2018;;"""""";;;"""""";;"""""";"""4""";28.02.2018;13.02.2018;"""85/11/17-С""";13.11.2017;;;;;"""""";;22237,26;0;4447,45;22237,26
643;5259030883;     ;"АО ""ВолгаНефтеХим"", РФ";;Иностранная организация;Римша Александр Николаевич;112;691772248;     ;"ООО ХимПромОил""";107;Покупатель; ;691772248-2018-0000000783;;Исходный;Выставлен. Подписан получателем;20.03.2018;28.02.2018;20.03.2018;;"""""";;;"""""";;"""""";"""3""";28.02.2018;12.02.2018;"""2018/01-ВЭД""";06.02.2018;;;;;"""""";;3655,94;0;731,19;3655,94
112;192357186;;"Унитарное предприятие ""МЖК-СтройИнвест""";107;Продавец;Апанасёнок Алексей Валентинович;112;691772248;;"ООО ""ХимПромОил""";107;Покупатель; ;192357186-2018-0000000093;;Исходный;Выставлен;06.03.2018;28.02.2018;;;"""""";;;"""""";;"""""";"""""";;;"""18/11-2016""";18.11.2016;Акт;;;;"""58""";28.02.2018;828,53;0;165,7;994,23
643;4025418492;     ;"ООО ""Эком""";;Иностранная организация;Римша Александр Николаевич;112;691772248;     ;"ООО ХимПромОил""";107;Покупатель; ;691772248-2018-0000000782;;Исходный;Выставлен. Подписан получателем;20.03.2018;28.02.2018;20.03.2018;;"""""";;;"""""";;"""""";"""2""";28.02.2018;02.02.2018;"""2014-020""";10.10.2014;;;;;"""""";;6590,28;0;1318,06;6590,28
112;190117474;;"УП ""ЖЭС МЖК""";107;Посредник;Волошина Галина Андреевна;112;691772248;;"ООО ""ХимПромОил""";107;Потребитель; ;190117474-2018-0000000302;;Исходный;Выставлен. Подписан получателем;16.03.2018;28.02.2018;23.03.2018;;"""""";;;"""""";;"""""";"""""";;;"""№74""";01.01.2017;Счет-фактура;;;;"""239""";12.03.2018;84,02;0;16,8;100,82
112;690314876;     ;"РУП  ""Белоруснефть-Минскоблнефтепродукт""";606;Комиссионер;Ковалев Сергей Николаевич;112;691772248;     ;"ООО ""ХимПромОил""";107;Покупатель; ;690314876-2018-1800022702;;Исходный;Выставлен. Подписан получателем;07.03.2018;28.02.2018;14.03.2018;;"""""";;;"""""";;"""""";"""""";;;"""5434""";06.11.2014;Другое;НТУ-АЗС;;;"""5434/28-02-2018""";28.02.2018;62,22;0;12,45;74,67
112;690314876;     ;"РУП  ""Белоруснефть-Минскоблнефтепродукт""";606;Комиссионер;Ковалев Сергей Николаевич;112;691772248;     ;"ООО ""ХимПромОил""";107;Покупатель; ;690314876-2018-1800023980;;Исходный;Выставлен. Подписан получателем;07.03.2018;28.02.2018;14.03.2018;;"""""";;;"""""";;"""""";"""""";;;"""5434""";06.11.2014;Другое;НТУ-АЗС;;;"""5434/28-02-2018""";28.02.2018;53,12;0;10,63;63,75
112;190557843;;"СООО ""Интеллект-Лизинг""";106;Продавец;Фетисова Елена Александровна;112;691772248;;"ООО ""ХимПромОил""";107;Покупатель; ;190557843-2018-0000001052;;Исходный;Выставлен;07.03.2018;28.02.2018;;;"""""";;;"""""";;"""""";"""""";;;"""2074""";11.12.2017;Договор;Договор;;;"""2074""";11.12.2017;644,74;0;128,95;773,69
112;101015738;;"РУП ""Белпочта""";103;Продавец;Цитович Елена Валерьевна;112;691772248;;"Общество с ограниченной ответственностью ""ХимПромОил""";107;Покупатель; ;101015738-2018-0000179037;;Исходный;Выставлен. Подписан получателем;09.03.2018;28.02.2018;14.03.2018;;"""""";;;"""""";;"""""";"""""";;;"""596""";21.02.2018;Другое;Квитанция;;;"""9616""";15.02.2018;39,3;0;7,86;47,16
112;800013732;;"Совместное общество с ограниченной ответственностью ""Мобильные ТелеСистемы""";107;Продавец;Щетко Дмитрий Николаевич;112;691772248;;"Общество с ограниченной ответственностью ""ХимПромОил""";107;Покупатель; ;800013732-2018-1201264366;;Исходный;Выставлен. Подписан получателем;09.03.2018;28.02.2018;14.03.2018;;"""""";;;"""""";;"""""";"""""";;;"""107316033119""";15.04.2016;Другое;Счёт-акт оказанных услуг;;;"""8780135184""";28.02.2018;5,15;0;1,29;6,44
643;4025418492;     ;"ООО ""Эком""";;Иностранная организация;Римша Александр Николаевич;112;691772248;     ;"ООО ХимПромОил""";107;Покупатель; ;691772248-2018-0000000781;;Исходный;Выставлен. Подписан получателем;20.03.2018;28.02.2018;20.03.2018;;"""""";;;"""""";;"""""";"""1""";28.02.2018;02.02.2018;"""2014-020""";10.10.2014;;;;;"""""";;33647,19;2977,09;6729,44;33647,19
112;190117474;;"УП ""ЖЭС МЖК""";107;Продавец;Волошина Галина Андреевна;112;691772248;;"ООО ""ХимПромОил""";107;Покупатель; ;190117474-2018-0000000234;;Исходный;Выставлен. Подписан получателем;01.03.2018;28.02.2018;14.03.2018;;"""""";;;"""""";;"""""";"""""";;;"""№74""";01.01.2017;Счет-фактура;;;;"""182""";28.02.2018;33,46;0;6,69;40,15
112;690314876;     ;"РУП  ""Белоруснефть-Минскоблнефтепродукт""";606;Продавец;Ковалев Сергей Николаевич;112;691772248;     ;"ООО ""ХимПромОил""";107;Покупатель; ;690314876-2018-1800014193;;Исходный;Выставлен. Подписан получателем;06.03.2018;28.02.2018;14.03.2018;;"""""";;;"""""";;"""""";"""""";;;"""5434""";06.11.2014;Другое;НТУ-АЗС;;;"""5434/28-02-2018""";28.02.2018;416,62;0;83,33;499,95
112;690314876;     ;"РУП  ""Белоруснефть-Минскоблнефтепродукт""";606;Комиссионер;Ковалев Сергей Николаевич;112;691772248;     ;"ООО ""ХимПромОил""";107;Покупатель; ;690314876-2018-1800018388;;Исходный;Выставлен. Подписан получателем;07.03.2018;28.02.2018;14.03.2018;;"""""";;;"""""";;"""""";"""""";;;"""5434""";06.11.2014;Другое;НТУ-АЗС;;;"""5434/28-02-2018""";28.02.2018;1781,94;5,74;356,44;2138,38
112;690314876;     ;"РУП  ""Белоруснефть-Минскоблнефтепродукт""";606;Комиссионер;Ковалев Сергей Николаевич;112;691772248;     ;"ООО ""ХимПромОил""";107;Покупатель; ;690314876-2018-1800023241;;Исходный;Выставлен. Подписан получателем;07.03.2018;28.02.2018;14.03.2018;;"""""";;;"""""";;"""""";"""""";;;"""5434""";06.11.2014;Другое;НТУ-АЗС;;;"""5434/28-02-2018""";28.02.2018;80,13;0;16,03;96,16
112;191426062;;Гоман К. Н.;107;Продавец;Гоман Кирилл Николаевич;112;691772248;;"ООО ""ХимПромОил""";107;Покупатель; ;191426062-2018-0000000036;;Исходный;Выставлен. Подписан получателем;28.02.2018;28.02.2018;14.03.2018;;"""""";;;"""""";;"""""";"""""";;;"""1-с""";01.05.2015;Договор;;;;"""1-с""";01.05.2015;1393,35;0;278,67;1672,02
112;191426062;;Гоман К. Н.;107;Продавец;Гоман Кирилл Николаевич;112;691772248;;"ООО ""ХимПромОил""";107;Покупатель; ;191426062-2018-0000000037;;Исходный;Выставлен. Подписан получателем;28.02.2018;28.02.2018;14.03.2018;;"""""";;;"""""";;"""""";"""""";;;"""1""";05.03.2015;Договор;;;;"""1""";05.03.2015;83,33;0;16,67;100
112;690314876;     ;"РУП  ""Белоруснефть-Минскоблнефтепродукт""";606;Комиссионер;Ковалев Сергей Николаевич;112;691772248;     ;"ООО ""ХимПромОил""";107;Покупатель; ;690314876-2018-1800024134;;Исходный;Выставлен. Подписан получателем;07.03.2018;28.02.2018;14.03.2018;;"""""";;;"""""";;"""""";"""""";;;"""5434""";06.11.2014;Другое;НТУ-АЗС;;;"""5434/28-02-2018""";28.02.2018;34,93;0;6,99;41,92
112;190759607;;"ООО ""Объединенные сети""";106;Продавец;Полякова Юлия Валерьевна;112;691772248;;"ООО ""ХимПромОил""";107;Покупатель; ;190759607-2018-0000001170;;Исходный;Выставлен. Подписан получателем;02.03.2018;28.02.2018;14.03.2018;;"""""";;;"""""";;"""""";"""""";;;"""179/17 ЛТЕ""";22.06.2017;Акт;;;;"""206""";28.02.2018;9,55;0;2,39;11,94
112;190726138;;"Государственное предприятие ""Центр Систем Идентификации""";107;Продавец;Дзагания Нина Тенгизовна;112;691772248;;"ООО ""ХимПромОил""";107;Покупатель; ;190726138-2018-0000008018;;Исходный;Выставлен. Подписан получателем;01.03.2018;28.02.2018;14.03.2018;;"""""";;;"""""";;"""""";"""""";;;"""ЭПТ 10-109-11/2017""";22.11.2017;Акт;;;;"""ЭПТ 10-109-11/2017""";28.02.2018;3,03;0;0,61;3,64
112;190726138;;"Государственное предприятие ""Центр Систем Идентификации""";107;Продавец;Дзагания Нина Тенгизовна;112;691772248;;"ООО ""ХимПромОил""";107;Покупатель; ;190726138-2018-0000008994;;Исходный;Выставлен. Подписан получателем;01.03.2018;28.02.2018;14.03.2018;;"""""";;;"""""";;"""""";"""""";;;"""ПМ50/01294/17""";23.04.2017;Акт;;;;"""ПМ50/01294/17""";28.02.2018;6,07;0;1,21;7,28
112;192287331;     ;"Торговое унитарное предприятие ""Проект Дилбай""";104;Продавец;Новицкая Марина Александровна;112;691772248;     ;"Общество с ограниченной ответственностью ""ХимПромОил""";107;Покупатель; ;192287331-2018-0000019953;;Исходный;Выставлен. Подписан получателем;03.03.2018;28.02.2018;14.03.2018;;"""""";;;"""""";;"""""";"""""";;;"""б\н""";28.02.2018;Акт;;;;"""122693-5""";28.02.2018;34,52;0;6,91;41,43
112;101528843;;"Унитарное предприятие ""Велком""";111;Продавец;Ярош Наталья Владимировна;112;691772248;;"ООО ""ХимПромОил""";107;Покупатель; ;101528843-2018-9910147381;;Исходный;Выставлен. Подписан получателем;05.03.2018;28.02.2018;14.03.2018;;"""""";;;"""""";;"""""";"""""";;;"""000200442507""";10.12.2014;Акт;;;;"""2018030395019986""";28.02.2018;383,87;0;95,97;479,84
112;100181973;;"ООО ""АНИТЭКС""";111;Продавец;Друченко Светлана Викторовна;112;691772248;;ХимПромОил ООО;107;Покупатель; ;100181973-2018-0000011739;;Исходный;Выставлен. Подписан получателем;06.03.2018;28.02.2018;14.03.2018;;"""""";;;"""""";;"""""";"""""";;;"""298""";28.12.2015;Акт выполненных работ;;;;"""4733""";28.02.2018;84,2;0;21,05;105,25
112;192711139;;"Частное предприятие ""Пульс цен""";108;Продавец;Куликова Елена Григорьевна;112;691772248;;"ООО ""ХимПромОил""";107;Покупатель; ;192711139-2018-0000000494;;Исходный;Выставлен. Подписан получателем;06.03.2018;28.02.2018;14.03.2018;;"""""";;;"""""";;"""""";"""""";;;"""Счет №ЧППЦ 251127/17""";19.01.2018;Акт;;;;"""ЧППЦ267514""";28.02.2018;101,54;0;20,31;121,85
112;100056364;     ;"Торговое коммунальное дочернее унитарное предприятие ""Белсельстройсервис""";606;Продавец;Ефремов Вадим Олегович;112;691772248;     ;"ООО ""ХимПромОил""";107;Покупатель; ;100056364-2018-0000000228;;Исходный;Выставлен. Подписан получателем;07.03.2018;28.02.2018;14.03.2018;;"""""";;;"""""";;"""""";"""""";;;"""01-У""";30.01.2018;Акт;;;;"""У-000097""";28.02.2018;125;0;25;150
112;190513391;;"СООО ""Автосеть""";233;Продавец;Куцык Елена Борисовна;112;691772248;;"ООО ""ХимПромОил""";107;Покупатель; ;190513391-2018-0000057279;;Исходный;Выставлен. Подписан получателем;06.03.2018;27.02.2018;14.03.2018;;"""""";;;"""""";;"""""";"""""";;;"""Счет №BF011920""";23.02.2018;ТТН-1;;402961;ЮФ;"""4401696""";27.02.2018;1579,15;0;315,84;1894,99
112;190063577;;"ООО ""Еврозапчасть""";109;Продавец;Шпиганович Ольга Григорьевна;112;691772248;;"Общество с ограниченной ответственностью ""ХимПромОил""";107;Покупатель; ;190063577-2018-1000118014;;Исходный;Выставлен. Подписан получателем;02.03.2018;27.02.2018;14.03.2018;;"""""";;;"""""";;"""""";"""""";;;"""Договор поставки б/н""";03.01.2018;ТТН-1;ТТН-1;402962;ил;"""0404306""";27.02.2018;45,1;0;9,02;54,12
112;101223447;;"РУП ""Национальный центр маркетинга и конъюнктуры цен""";111;Продавец;Негодько Татьяна Зеноновна;112;691772248;;"ООО ""Химпромоил""";107;Покупатель; ;101223447-2018-0000031906;;Исходный;Выставлен. Подписан получателем;03.03.2018;26.02.2018;12.03.2018;;"""""";;;"""""";;"""""";"""""";;;"""ЭТП-2015-03-18397""";11.03.2015;Акт;;;;"""ЭТП-2018-18397/133923""";26.02.2018;14,17;0;2,83;17
112;300035579;     ;"Открытое акционерное общество ""Обольский керамический завод""";323;Продавец;Жолудева Наталья Михайловна;112;691772248;     ;"ООО ""ХимПромОил""";107;Покупатель; ;300035579-2018-0000000311;;Исходный;Выставлен. Подписан получателем;06.03.2018;23.02.2018;12.03.2018;;"""""";;;"""""";;"""""";"""""";;;"""83""";20.02.2018;ТТН-1;ТТН-1;402962;ИА;"""0168851""";23.02.2018;1704,68;0;340,94;2045,62
112;190604917;     ;"ООО ""Астра-Лизинг""";103;Продавец;Коледа Лариса Владимировна;112;691772248;     ;"ООО ""ХимПромОил""";107;Покупатель; ;190604917-2018-0000000668;;Исходный;Выставлен;05.03.2018;23.02.2018;;;"""""";;;"""""";;"""""";"""""";;;"""022-725/2018""";23.02.2018;Акт;;;;"""2/022-725/2018""";23.02.2018;14928,34;0;2985,66;17914
112;101223447;;"РУП ""Национальный центр маркетинга и конъюнктуры цен""";111;Продавец;Негодько Татьяна Зеноновна;112;691772248;;"ООО ""Химпромоил""";107;Покупатель; ;101223447-2018-0000031240;;Исходный;Выставлен. Подписан получателем;27.02.2018;23.02.2018;12.03.2018;;"""""";;;"""""";;"""""";"""""";;;"""ЭТП-2015-03-18397""";11.03.2015;Акт;;;;"""ЭТП-2018-18397/132810""";23.02.2018;14,17;0;2,83;17
112;691834846;     ;"Общество с ограниченной ответственностью ""Город Масел""";613;Продавец;Кахно Татьяна Валерьевна;112;691772248;     ;"ООО ""ХимПромОил""";107;Покупатель; ;691834846-2018-0000000250;;Исходный;Выставлен. Подписан получателем;05.03.2018;23.02.2018;12.03.2018;;"""""";;;"""""";;"""""";"""""";;;"""б/н""";20.07.2017;ТН-2;ТН-2;401951;ЖМ;"""0098665""";23.02.2018;841,51;0;168,3;1009,81
112;691834846;     ;"Общество с ограниченной ответственностью ""Город Масел""";613;Продавец;Кахно Татьяна Валерьевна;112;691772248;     ;"ООО ""ХимПромОил""";107;Покупатель; ;691834846-2018-0000000246;;Исходный;Выставлен. Подписан получателем;05.03.2018;23.02.2018;14.03.2018;;"""""";;;"""""";;"""""";"""""";;;"""б/н""";20.07.2017;ТТН-1;ТТН-1;402961;ЮР;"""7063087""";23.02.2018;704,25;0;140,85;845,1
112;100070543;;"ООО ""СВИАТ""";613;Продавец;Грихутик Анастасия Александровна;112;691772248;;ООО «ХимПромОил»;107;Покупатель; ;100070543-2018-0000010137;;Исходный;Выставлен. Подписан получателем;28.02.2018;22.02.2018;14.03.2018;;"""""";;;"""""";;"""""";"""""";;;"""18440""";25.10.2016;ТН-2;ТН-2;401951;ЖН;"""2081249""";22.02.2018;16;0;3,2;19,2
112;100070543;;"ООО ""СВИАТ""";613;Продавец;Грихутик Анастасия Александровна;112;691772248;;ООО «ХимПромОил»;107;Покупатель; ;100070543-2018-0000010135;;Исходный;Выставлен. Подписан получателем;28.02.2018;22.02.2018;14.03.2018;;"""""";;;"""""";;"""""";"""""";;;"""18440""";25.10.2016;ТН-2;ТН-2;401951;ЖН;"""2081247""";22.02.2018;6,89;0;1,38;8,27
112;491316421;     ;"Общество с ограниченной ответственностью ""ГрандОйл""";432;Продавец;Железнякова Ольга Петровна;112;691772248;     ;"Общество с ограниченной ответственностью ""ХимПромОил""";107;Покупатель; ;491316421-2018-0000001180;;Исходный;Выставлен. Подписан получателем;28.02.2018;22.02.2018;12.03.2018;;"""""";;;"""""";;"""""";"""""";;;"""527/17""";11.12.2017;ТТН-1;ТТН-1;402961;ЮЯ;"""0729463""";22.02.2018;12251,94;0;2450,39;14702,33
112;691834846;     ;"Общество с ограниченной ответственностью ""Город Масел""";613;Продавец;Кахно Татьяна Валерьевна;112;691772248;     ;"ООО ""ХимПромОил""";107;Покупатель; ;691834846-2018-0000000243;;Исходный;Выставлен. Подписан получателем;05.03.2018;22.02.2018;12.03.2018;;"""""";;;"""""";;"""""";"""""";;;"""б/н""";20.07.2017;ТТН-1;ТТН-1;402961;ЮР;"""7063086""";22.02.2018;3367,64;0;673,53;4041,17
112;190542056;;"ОАО ""Белорусская универсальная товарная биржа""";105;Продавец;Ахременко Денис Валерьевич;112;691772248;;"Общество с ограниченной ответственностью ""ХимПромОил""";107;Покупатель; ;190542056-2018-0000035049;;Исходный;Выставлен. Подписан получателем;06.03.2018;22.02.2018;12.03.2018;;"""""";;;"""""";;"""""";"""""";;;"""8775""";19.07.2016;Другое;Другое;;;"""66321""";22.02.2018;12,36;0;2,47;14,83
112;101561144;9006;"Минский филиал РУП ""Белтаможсервис""";613;Продавец;Межеевский Андрей Анатольевич;112;691772248;     ;"ООО ""ХИМПРОМОИЛ""";107;Покупатель; ;101561144-2018-1000194284;;Исходный;Выставлен. Подписан получателем;06.03.2018;22.02.2018;12.03.2018;;"""""";;;"""""";;"""""";"""""";;;"""ТА-0600/0000128(07/15.1)-17-294""";15.09.2017;Акт;Акт;;;"""34-00674""";22.02.2018;43,33;0;8,67;52
112;690546768;;"Частное торговое унитарное предприятие ""Никхим""";603;Продавец;Шеченков Владимир Викторович;112;691772248;;"Общество с ограниченной ответственностью ""ХимПромОил""";107;Покупатель; ;690546768-2018-0000000021;;Исходный;Выставлен. Подписан получателем;12.03.2018;22.02.2018;14.03.2018;;"""""";;;"""""";;"""""";"""""";;;"""173/06-15""";21.06.2015;ТТН-1;;402861;ЭК;"""0040400""";22.02.2018;1717;0;343,4;2060,4
112;100070543;;"ООО ""СВИАТ""";613;Продавец;Грихутик Анастасия Александровна;112;691772248;;ООО «ХимПромОил»;107;Покупатель; ;100070543-2018-0000010136;;Исходный;Выставлен. Подписан получателем;28.02.2018;22.02.2018;14.03.2018;;"""""";;;"""""";;"""""";"""""";;;"""18440""";25.10.2016;ТН-2;ТН-2;401951;ЖН;"""2081248""";22.02.2018;16,4;0;3,28;19,68
112;491316421;     ;"Общество с ограниченной ответственностью ""ГрандОйл""";432;Продавец;Железнякова Ольга Петровна;112;691772248;     ;"Общество с ограниченной ответственностью ""ХимПромОил""";107;Покупатель; ;491316421-2018-0000001168;;Исходный;Выставлен. Подписан получателем;28.02.2018;21.02.2018;12.03.2018;;"""""";;;"""""";;"""""";"""""";;;"""527/17""";11.12.2017;ТТН-1;ТТН-1;402961;ЮЯ;"""0729447""";21.02.2018;5572,1;0;1114,42;6686,52
112;190635842;;ООО Смартон;104;Продавец;Виршич Дарья Михайловна;112;691772248;;"ООО ""ХимПромОил""";107;Покупатель; ;190635842-2018-0000023288;;Исходный;Выставлен. Подписан получателем;05.03.2018;21.02.2018;14.03.2018;;"""""";;;"""""";;"""""";"""""";;;"""Договор №МИ00-00017838 от 18.10.2016""";18.10.2016;ТТН-1;ТТН;402961;ЮЯ;"""3011726""";21.02.2018;192,39;0;37,12;229,51
112;600125053;;ОАО Завод горного воска;617;Продавец;Лудчинская Елена Николаевна;112;691772248;;"ООО ""Химпромоил""";107;Покупатель; ;600125053-2018-0000000618;;Исходный;Выставлен. Подписан получателем;28.02.2018;20.02.2018;12.03.2018;;"""""";;;"""""";;"""""";"""""";;;"""174""";08.02.2018;ТТН-1;;402961;ЮК;"""5366737""";20.02.2018;2076,21;0;415,24;2491,45
112;101561144;9006;"Минский филиал РУП ""Белтаможсервис""";613;Продавец;Самыкова Диана Николаевна;112;691772248;     ;"ООО ""ХИМПРОМОИЛ""";107;Покупатель; ;101561144-2018-1000202733;;Исходный;Выставлен. Подписан получателем;07.03.2018;20.02.2018;12.03.2018;;"""""";;;"""""";;"""""";"""""";;;"""ТА-0600/0000128(07/14)-14-0626""";14.10.2014;Акт;Акт;;;"""30-0891""";20.02.2018;33,33;0;6,67;40
112;101561144;9006;"Минский филиал РУП ""Белтаможсервис""";613;Продавец;Телешева Ольга Михайловна;112;691772248;     ;"ООО ""ХимПромОил""";107;Покупатель; ;101561144-2018-1000177538;;Исходный;Выставлен. Подписан получателем;05.03.2018;20.02.2018;12.03.2018;;"""""";;;"""""";;"""""";"""""";;;"""СВ-0604/0000256-17-853""";11.09.2017;Акт;Акт;;;"""35-3467""";20.02.2018;45;0;9;54
112;190431542;;"РО ""Белагросервис""";107;Продавец;Соколовская Ольга Викторовна;112;691772248;;"ООО ""ХимПромОил""";107;Покупатель; ;190431542-2018-0000180976;;Исходный;Выставлен. Подписан получателем;05.03.2018;20.02.2018;12.03.2018;;"""""";;;"""""";;"""""";"""""";;;"""договор №13-3-5/32""";22.02.2017;ТН-2;;401951;ИХ;"""1427955""";20.02.2018;4264,22;0;426,42;4690,64
112;101223447;;"РУП ""Национальный центр маркетинга и конъюнктуры цен""";111;Продавец;Полевая Марина Владимировна;112;691772248;;"ООО ""Химпромоил""";107;Покупатель; ;101223447-2018-0000028972;;Исходный;Выставлен. Подписан получателем;26.02.2018;20.02.2018;12.03.2018;;"""""";;;"""""";;"""""";"""""";;;"""ЭТП-2015-03-18397""";11.03.2015;Акт;;;;"""ЭТП-2018-18397/131980""";20.02.2018;14,17;0;2,83;17
112;100003499;;"УП ""Минское отделение БЖД"" г. Минск ул. Свердлова 28 РБ";105;Продавец;Жук Наталия Евгеньевна;112;691772248;;"ООО ""ХимПромОил""";107;Покупатель; ;100003499-2018-0090008814;;Исходный;Выставлен. Подписан получателем;27.02.2018;19.02.2018;20.03.2018;;"""""";;;"""""";;"""""";"""""";;;"""9531НОДМ""";14.10.2014;Другое;Другое;;;"""K201""";19.02.2018;31,55;0;6,31;37,86
112;691834846;     ;"Общество с ограниченной ответственностью ""Город Масел""";613;Продавец;Кахно Татьяна Валерьевна;112;691772248;     ;"ООО ""ХимПромОил""";107;Покупатель; ;691834846-2018-0000000229;;Исходный;Выставлен. Подписан получателем;05.03.2018;19.02.2018;12.03.2018;;"""""";;;"""""";;"""""";"""""";;;"""б/н""";20.07.2017;ТТН-1;ТТН-1;402961;ЮР;"""7063078""";19.02.2018;798,7;0;159,74;958,44
112;100003499;;"УП ""Минское отделение БЖД"" г. Минск ул. Свердлова 28 РБ";105;Продавец;Жук Наталия Евгеньевна;112;691772248;;"ООО ""ХимПромОил""";107;Покупатель; ;100003499-2018-1090008814;;Исходный;Выставлен. Подписан получателем;03.03.2018;19.02.2018;20.03.2018;;"""""";;;"""""";;"""""";"""""";;;"""9531НОДМ""";14.10.2014;Другое;Другое;;;"""K201""";19.02.2018;7,95;0;1,59;9,54
112;691834846;     ;"Общество с ограниченной ответственностью ""Город Масел""";613;Продавец;Кахно Татьяна Валерьевна;112;691772248;     ;"ООО ""ХимПромОил""";107;Покупатель; ;691834846-2018-0000000228;;Исходный;Выставлен. Подписан получателем;05.03.2018;19.02.2018;12.03.2018;;"""""";;;"""""";;"""""";"""""";;;"""б/н""";20.07.2017;ТТН-1;ТТН-1;402961;ЮР;"""7063076""";19.02.2018;1083,33;0;216,67;1300
112;101223447;;"РУП ""Национальный центр маркетинга и конъюнктуры цен""";111;Продавец;Негодько Татьяна Зеноновна;112;691772248;;"ООО ""Химпромоил""";107;Покупатель; ;101223447-2018-0000027369;;Исходный;Выставлен. Подписан получателем;22.02.2018;16.02.2018;12.03.2018;;"""""";;;"""""";;"""""";"""""";;;"""ЭТП-2015-03-18397""";11.03.2015;Акт;;;;"""ЭТП-2018-18397/132144""";16.02.2018;14,17;0;2,83;17
112;192153016;     ;"Индивидуальный предприниматель ""Грунтов Геннадий Евгеньевич""";107;Продавец;Грунтов Геннадий Евгеньевич;112;691772248;     ;"ООО ""ХимПромОил""";107;Покупатель; ;192153016-2018-0000000049;;Исходный;Выставлен. Подписан получателем;12.03.2018;15.02.2018;14.03.2018;;"""""";;;"""""";;"""""";"""""";;;"""б/н""";22.11.2016;ТТН-1;ТТН-1;402961;ЮХ;"""5221939""";15.02.2018;372;0;74,4;446,4
112;190063577;;"ООО ""Еврозапчасть""";109;Продавец;Шпиганович Ольга Григорьевна;112;691772248;;"Общество с ограниченной ответственностью ""ХимПромОил""";107;Покупатель; ;190063577-2018-1000099431;;Исходный;Выставлен. Подписан получателем;21.02.2018;15.02.2018;12.03.2018;;"""""";;;"""""";;"""""";"""""";;;"""Договор поставки б/н""";03.01.2018;ТТН-1;ТТН-1;402962;иж;"""0701720""";15.02.2018;520,8;0;104,16;624,96
112;191471136;;"Общество с ограниченной ответственностью ""БелСпросШина""";111;Продавец;Храмцевич Дмитрий Валерьевич;112;691772248;;"ООО ""ХимПромОил""";107;Покупатель; ;191471136-2018-0000003719;;Исходный;Выставлен. Подписан получателем;19.02.2018;15.02.2018;12.03.2018;;"""""";;;"""""";;"""""";"""""";;;"""б/н""";14.11.2016;ТТН-1;;402961;ЮХ;"""2138226""";15.02.2018;948;0;189,6;1137,6
112;691834846;     ;"Общество с ограниченной ответственностью ""Город Масел""";613;Продавец;Кахно Татьяна Валерьевна;112;691772248;     ;"ООО ""ХимПромОил""";107;Покупатель; ;691834846-2018-0000000211;;Исходный;Выставлен. Подписан получателем;05.03.2018;14.02.2018;12.03.2018;;"""""";;;"""""";;"""""";"""""";;;"""б/н""";20.07.2017;ТТН-1;ТТН-1;402961;ЮР;"""7063064""";14.02.2018;303,93;0;60,79;364,72
112;101161433;     ;"Закрытое акционерное общество ""Дилерский центр АвтоГАЗ Колядичи""";105;Продавец;Краснова Виктория Валерьевна;112;691772248;     ;"ООО ""ХимПромОил""";107;Покупатель; ;101161433-2018-0000032264;;Исходный;Выставлен. Подписан получателем;04.03.2018;14.02.2018;12.03.2018;;"""""";;;"""""";;"""""";"""""";;;"""9523""";13.02.2018;Акт выполненных работ;;;;"""9523""";14.02.2018;89,99;0;18;107,99
112;490834726;     ;"Общество с ограниченной ответственностью ""ПолиНафта""";422;Продавец;Пинчук Валентина Николаевна;112;691772248;     ;"ООО ""ХимПромОйл""";107;Покупатель; ;490834726-2018-0000000022;;Исходный;Выставлен. Подписан получателем;01.03.2018;14.02.2018;12.03.2018;;"""""";;;"""""";;"""""";"""""";;;"""28/06""";28.06.2016;ТН-2;ТН-2;401951;ИЭ;"""2148720""";14.02.2018;255;0;51;306
112;191471136;;"Общество с ограниченной ответственностью ""БелСпросШина""";111;Продавец;Храмцевич Дмитрий Валерьевич;112;691772248;;"ООО ""ХимПромОил""";107;Покупатель; ;191471136-2018-0000003711;;Исходный;Выставлен. Подписан получателем;15.02.2018;14.02.2018;12.03.2018;;"""""";;;"""""";;"""""";"""""";;;"""б/н""";14.11.2016;ТТН-1;;402961;ЮХ;"""2138221""";14.02.2018;2601,42;0;520,28;3121,7
112;101223447;;"РУП ""Национальный центр маркетинга и конъюнктуры цен""";111;Продавец;Негодько Татьяна Зеноновна;112;691772248;;"ООО ""Химпромоил""";107;Покупатель; ;101223447-2018-0000025980;;Исходный;Выставлен. Подписан получателем;20.02.2018;14.02.2018;12.03.2018;;"""""";;;"""""";;"""""";"""""";;;"""ЭТП-2015-03-18397""";11.03.2015;Акт;;;;"""ЭТП-2018-18397/131176""";14.02.2018;14,17;0;2,83;17
112;191875572;;"Частное торговое унитарное предприятие ""Роса-смазочные материалы""";112;Продавец;Гуринович Евгений Фёдорович;112;691772248;;"Общество с ограниченной ответственностью ""ХимПромОйл""";107;Покупатель; ;191875572-2018-0000000169;;Исходный;Выставлен. Подписан получателем;03.03.2018;14.02.2018;12.03.2018;;"""""";;;"""""";;"""""";"""""";;;"""106""";14.02.2018;ТН-2;ТН-2;401951;ЖН;"""2091142""";14.02.2018;1440;0;288;1728
112;500063150;;"ГЛХУ ""Сморгонский опытный лесхоз""";518;Продавец;Глебович Людмила Иосифовна;112;691772248;;"ООО""ХимПромОил""";107;Покупатель; ;500063150-2018-0031606432;;Исходный;Выставлен. Подписан получателем;21.02.2018;13.02.2018;12.03.2018;;"""""";;;"""""";;"""""";"""""";;;"""22""";21.01.2017;ТТН-1;Товарно-транспортная накладная (ПЭВМ) альб.;402962;ГЮ;"""0034495""";13.02.2018;24;0;4,8;28,8
112;190063577;;"ООО ""Еврозапчасть""";109;Продавец;Шпиганович Ольга Григорьевна;112;691772248;;"Общество с ограниченной ответственностью ""ХимПромОил""";107;Покупатель; ;190063577-2018-1000093726;;Исходный;Выставлен. Подписан получателем;21.02.2018;12.02.2018;14.03.2018;;"""""";;;"""""";;"""""";"""""";;;"""Договор поставки б/н""";03.01.2018;ТТН-1;ТТН-1;402962;иж;"""0677304""";12.02.2018;209,75;0;41,95;251,7
112;691834846;     ;"Общество с ограниченной ответственностью ""Город Масел""";613;Продавец;Кахно Татьяна Валерьевна;112;691772248;     ;"ООО ""ХимПромОил""";107;Покупатель; ;691834846-2018-0000000200;;Исходный;Выставлен. Подписан получателем;05.03.2018;12.02.2018;12.03.2018;;"""""";;;"""""";;"""""";"""""";;;"""б/н""";20.07.2017;ТТН-1;ТТН-1;402961;ЮР;"""7063059""";12.02.2018;101,31;0;20,26;121,57
112;100160363;     ;"ООО ""Надежные программы""";104;Продавец;Максимова Светлана Иосифовна;112;691772248;     ;"ООО ""ХимПромОил""";107;Покупатель; ;100160363-2018-0000060272;;Исходный;Выставлен. Подписан получателем;01.03.2018;12.02.2018;12.03.2018;;"""""";;;"""""";;"""""";"""""";;;"""public_offer""";;Акт;;;;"""79463""";12.02.2018;158,4;0;31,68;190,08
112;101561144;9006;"Минский филиал РУП ""Белтаможсервис""";613;Продавец;Самыкова Диана Николаевна;112;691772248;     ;"ООО ""ХИМПРОМОИЛ""";107;Покупатель; ;101561144-2018-1000202583;;Исходный;Выставлен. Подписан получателем;07.03.2018;12.02.2018;12.03.2018;;"""""";;;"""""";;"""""";"""""";;;"""ТА-0600/0000128(07/14)-14-0626""";14.10.2014;Акт;Акт;;;"""30-0736""";12.02.2018;33,33;0;6,67;40
112;691834846;     ;"Общество с ограниченной ответственностью ""Город Масел""";613;Продавец;Кахно Татьяна Валерьевна;112;691772248;     ;"ООО ""ХимПромОил""";107;Покупатель; ;691834846-2018-0000000201;;Исходный;Выставлен. Подписан получателем;05.03.2018;12.02.2018;12.03.2018;;"""""";;;"""""";;"""""";"""""";;;"""б/н""";20.07.2017;ТТН-1;ТТН-1;402961;ЮР;"""7063058""";12.02.2018;1154,75;0;230,95;1385,7
112;190806803;     ;"Общество с ограниченной ответственностью ""Триовист""";111;Продавец;Юськова Наталья Михайловна;112;691772248;     ;"ООО ""ХимПромОил""";107;Покупатель; ;190806803-2018-0000008203;;Исходный;Выставлен. Подписан получателем;07.03.2018;09.02.2018;12.03.2018;;"""""";;;"""""";;"""""";"""""";;;"""200.890.364""";08.02.2018;ТТН-1;;402961;ЮЯ;"""4055468""";09.02.2018;35,43;0;7,09;42,52
112;100511773;     ;"Общество с ограниченной ответственностью ""Инфотроник""";107;Продавец;Коренная Светлана Петровна;112;691772248;     ;Химпромоил, ООО;107;Покупатель; ;100511773-2018-0000000946;;Исходный;Выставлен. Подписан получателем;07.03.2018;09.02.2018;14.03.2018;;"""""";;;"""""";;"""""";"""""";;;"""4""";02.10.2017;ТН-2;ТН-2;401951;ЖХ;"""1414167""";09.02.2018;121,97;0;24,39;146,36
112;100070543;;"ООО ""СВИАТ""";613;Продавец;Грихутик Анастасия Александровна;112;691772248;;ООО «ХимПромОил»;107;Покупатель; ;100070543-2018-0000008105;;Исходный;Выставлен. Подписан получателем;14.02.2018;08.02.2018;12.03.2018;;"""""";;;"""""";;"""""";"""""";;;"""18440""";25.10.2016;ТТН-1;ТТН-1;402961;ЮЭ;"""4185824""";08.02.2018;91,43;0;18,29;109,72
112;190542056;;"ОАО ""Белорусская универсальная товарная биржа""";105;Продавец;Ахременко Денис Валерьевич;112;691772248;;"Общество с ограниченной ответственностью ""ХимПромОил""";107;Покупатель; ;190542056-2018-0000027394;;Исходный;Выставлен. Подписан получателем;06.03.2018;08.02.2018;12.03.2018;;"""""";;;"""""";;"""""";"""""";;;"""40620""";05.02.2016;Другое;Другое;;;"""O20180124154155""";08.02.2018;15;0;3;18
112;191847406;     ;"Унитарное предприятие по оказанию услуг ""Удостоверяющий центр ""БУТБ""";105;Продавец;Лазаренко Дарья Александровна;112;691772248;     ;"Общество с ограниченной ответственностью ""ХимПромОил""";107;Покупатель; ;191847406-2018-0000002461;;Исходный;Выставлен. Подписан получателем;21.02.2018;07.02.2018;12.03.2018;;"""""";;;"""""";;"""""";"""""";;;"""12738""";07.02.2018;Акт;;;;"""12738""";07.02.2018;125;0;25;150
112;691834846;     ;"Общество с ограниченной ответственностью ""Город Масел""";613;Продавец;Кахно Татьяна Валерьевна;112;691772248;     ;"ООО ""ХимПромОил""";107;Покупатель; ;691834846-2018-0000000183;;Исходный;Выставлен. Подписан получателем;05.03.2018;07.02.2018;12.03.2018;;"""""";;;"""""";;"""""";"""""";;;"""б/н""";20.07.2017;ТТН-1;ТТН-1;402961;ЮР;"""7063038""";07.02.2018;8164,58;0;1632,92;9797,5
112;101223447;;"РУП ""Национальный центр маркетинга и конъюнктуры цен""";111;Продавец;Негодько Татьяна Зеноновна;112;691772248;;"ООО ""Химпромоил""";107;Покупатель; ;101223447-2018-0000021712;;Исходный;Выставлен. Подписан получателем;16.02.2018;07.02.2018;12.03.2018;;"""""";;;"""""";;"""""";"""""";;;"""ЭТП-2015-03-18397""";11.03.2015;Акт;;;;"""ЭТП-2018-18397/131746""";07.02.2018;14,17;0;2,83;17
112;100205819;;"ООО ""Пуми-С""";106;Продавец;Зенько Лилия Алексеевна;112;691772248;;"ООО ""ХимПромОил""";107;Покупатель; ;100205819-2018-0000000343;;Исходный;Выставлен. Подписан получателем;06.02.2018;05.02.2018;12.02.2018;;"""""";;;"""""";;"""""";"""""";;;"""452""";14.07.2017;ТН-2;;401951;ЖС;"""1069789""";05.02.2018;69,6;0;13,92;83,52
112;190542056;;"ОАО ""Белорусская универсальная товарная биржа""";105;Продавец;Ахременко Денис Валерьевич;112;691772248;;"Общество с ограниченной ответственностью ""ХимПромОил""";107;Покупатель; ;190542056-2018-0000024913;;Исходный;Выставлен. Подписан получателем;06.03.2018;05.02.2018;12.03.2018;;"""""";;;"""""";;"""""";"""""";;;"""8775""";19.07.2016;Другое;Другое;;;"""64555""";05.02.2018;1,8;0;0,36;2,16
112;192077474;;"ООО ""БиКрафтОйл""";109;Продавец;Ботян Ольга Александровна;112;691772248;     ;"ООО ""ХимПромОйл""";107;Покупатель; ;192077474-2018-0000001123;;Исходный;Выставлен. Подписан получателем;02.03.2018;05.02.2018;12.03.2018;;"""""";;;"""""";;"""""";"""""";;;"""1901""";25.08.2016;ТТН-1;;402961;ЮЭ;"""3020632""";05.02.2018;1356,45;0;271,29;1627,74
112;100003499;;"УП ""Минское отделение БЖД"" г. Минск ул. Свердлова 28 РБ";105;Продавец;Жук Наталия Евгеньевна;112;691772248;;"ООО ""ХимПромОил""";107;Покупатель; ;100003499-2018-0090005985;;Исходный;Выставлен. Подписан получателем;14.02.2018;04.02.2018;12.03.2018;;"""""";;;"""""";;"""""";"""""";;;"""9531НОДМ""";14.10.2014;Другое;Другое;;;"""K122""";04.02.2018;67,76;0;13,55;81,31
112;100003499;;"УП ""Минское отделение БЖД"" г. Минск ул. Свердлова 28 РБ";105;Продавец;Жук Наталия Евгеньевна;112;691772248;;"ООО ""ХимПромОил""";107;Покупатель; ;100003499-2018-0090005986;;Исходный;Выставлен. Подписан получателем;19.02.2018;03.02.2018;12.03.2018;;"""""";;;"""""";;"""""";"""""";;;"""9531НОДМ""";14.10.2014;Другое;Другое;;;"""24691570""";25.01.2018;1547,11;0;7,9;1555,01
112;100003499;;"УП ""Минское отделение БЖД"" г. Минск ул. Свердлова 28 РБ";105;Продавец;Жук Наталия Евгеньевна;112;691772248;;"ООО ""ХимПромОил""";107;Покупатель; ;100003499-2018-0090007288;;Дополнительный без ссылки;Выставлен. Подписан получателем;19.02.2018;03.02.2018;20.03.2018;;"""""";;;"""""";;"""""";"""""";;;"""9531НОДМ""";14.10.2014;Другое;Другое;;;"""215405""";25.01.2018;-39,5;0;-7,9;-47,4
112;190638152;;"ООО ""Автофарт""";105;Продавец;Дрозд Ольга Ивановна;112;691772248;;"ООО ""ХимПромОил""";107;Покупатель; ;190638152-2018-0000000090;;Исходный;Выставлен. Подписан получателем;06.03.2018;03.02.2018;14.03.2018;;"""""";;;"""""";;"""""";"""""";;;"""25""";01.11.2016;Акт выполненных работ;;;;"""0000040""";03.02.2018;600;0;120;720
112;191439844;;"Иностранное унитарное предприятие ""Стэнком""";108;Продавец;Щербаков Виктор Владимирович;112;691772248;;"ООО ""ХимПромОил""";107;Покупатель; ;191439844-2018-0000000013;;Исходный;Выставлен. Подписан получателем;06.02.2018;02.02.2018;12.02.2018;;"""""";;;"""""";;"""""";"""""";;;"""1428601""";13.10.2014;ТН-2;;401851;ПЮ;"""2497100""";02.02.2018;69138,55;0;13827,72;82966,27
112;192691523;;"Частное предприятие ""Силтри-Агро""";106;Продавец;Бедулин Алексей Юрьевич;112;691772248;;"ООО ""ХимПромОил""";107;Покупатель; ;192691523-2018-0000000037;;Исходный;Выставлен. Подписан получателем;09.03.2018;02.02.2018;12.03.2018;;"""""";;;"""""";;"""""";"""""";;;"""б/н""";02.02.2018;ТН-2;;401951;ЖЛ;"""1580025""";02.02.2018;280;0;56;336
112;191382353;;"Общество с ограниченной ответственностью ""Европровод""";112;Продавец;Милокостова Татьяна Юрьевна;112;691772248;;"Общество с ограниченной ответственностью ""ХимПромОил""";107;Покупатель; ;191382353-2018-0000028304;;Исходный;Выставлен. Подписан получателем;23.02.2018;02.02.2018;12.03.2018;;"""""";;;"""""";;"""""";"""""";;;"""3927""";02.02.2018;ТН-2;;401951;ЖУ;"""0247220""";02.02.2018;142,4;0;28,48;170,88
112;190542056;;"ОАО ""Белорусская универсальная товарная биржа""";105;Продавец;Ахременко Денис Валерьевич;112;691772248;;"Общество с ограниченной ответственностью ""ХимПромОил""";107;Покупатель; ;190542056-2018-0000023531;;Исходный;Выставлен. Подписан получателем;06.03.2018;01.02.2018;12.03.2018;;"""""";;;"""""";;"""""";"""""";;;"""8775""";19.07.2016;Другое;Другое;;;"""64317""";01.02.2018;11,52;0;2,3;13,82
112;190726138;;"Государственное предприятие ""Центр Систем Идентификации""";107;Продавец;Дзагания Нина Тенгизовна;112;691772248;;"ООО ""ХимПромОил""";107;Покупатель; ;190726138-2018-0000005235;;Исходный;Выставлен. Подписан получателем;05.02.2018;31.01.2018;12.02.2018;;"""""";;;"""""";;"""""";"""""";;;"""ПМ50/01294/17""";23.04.2017;Акт;;;;"""ПМ50/01294/17""";31.01.2018;6,72;0;1,34;8,06
112;191426062;;Гоман К. Н.;107;Продавец;Гоман Кирилл Николаевич;112;691772248;;"ООО ""ХимПромОил""";107;Покупатель; ;191426062-2018-0000000031;;Исходный;Выставлен. Подписан получателем;12.02.2018;31.01.2018;12.02.2018;;"""""";;;"""""";;"""""";"""""";;;"""1-с""";01.05.2015;Договор;;;;"""1-с""";01.05.2015;1393,35;0;278,67;1672,02
112;190759607;;"ООО ""Объединенные сети""";106;Продавец;Полякова Юлия Валерьевна;112;691772248;;"ООО ""ХимПромОил""";107;Покупатель; ;190759607-2018-0000000595;;Исходный;Выставлен. Подписан получателем;05.02.2018;31.01.2018;12.02.2018;;"""""";;;"""""";;"""""";"""""";;;"""179/17 ЛТЕ""";22.06.2017;Акт;;;;"""131""";31.01.2018;10,58;0;2,64;13,22
112;101528843;;"Унитарное предприятие ""Велком""";111;Продавец;Бабич Алеся Ивановна;112;691772248;;"ООО ""ХимПромОил""";107;Покупатель; ;101528843-2018-9910080710;;Исходный;Выставлен. Подписан получателем;05.02.2018;31.01.2018;12.02.2018;;"""""";;;"""""";;"""""";"""""";;;"""000200442507""";10.12.2014;Акт;;;;"""2018020391972114""";31.01.2018;377,35;0;94,34;471,69
112;100181973;;"ООО ""АНИТЭКС""";111;Продавец;Друченко Светлана Викторовна;112;691772248;;ХимПромОил ООО;107;Покупатель; ;100181973-2018-0000010993;;Исходный;Выставлен. Подписан получателем;06.02.2018;31.01.2018;12.02.2018;;"""""";;;"""""";;"""""";"""""";;;"""298""";28.12.2015;Акт выполненных работ;;;;"""4415""";31.01.2018;84,2;0;21,05;105,25
112;192357186;;"Унитарное предприятие ""МЖК-СтройИнвест""";107;Продавец;Апанасёнок Алексей Валентинович;112;691772248;;"ООО ""ХимПромОил""";107;Покупатель; ;192357186-2018-0000000052;;Исходный;Выставлен. Подписан получателем;06.02.2018;31.01.2018;12.02.2018;;"""""";;;"""""";;"""""";"""""";;;"""18/11-2016""";18.11.2016;Акт;;;;"""0000001""";12.01.2018;852,94;0;170,59;1023,53
112;100287525;;Севкович А. И.;104;Продавец;Севкович Александр Иосифович;112;691772248;;"ООО ""ХимПромОил""";107;Покупатель; ;100287525-2018-0000000067;;Исходный;Выставлен. Подписан получателем;08.02.2018;31.01.2018;12.02.2018;;"""""";;;"""""";;"""""";"""""";;;"""129""";26.01.2018;ТН-2;;401951;ЖБ;"""1263913""";31.01.2018;255;0;51;306
112;190542056;;"ОАО ""Белорусская универсальная товарная биржа""";105;Продавец;Ахременко Денис Валерьевич;112;691772248;;"Общество с ограниченной ответственностью ""ХимПромОил""";107;Покупатель; ;190542056-2018-0000022596;;Исходный;Выставлен. Подписан получателем;08.02.2018;31.01.2018;12.02.2018;;"""""";;;"""""";;"""""";"""""";;;"""8775""";19.07.2016;Другое;Другое;;;"""64195""";31.01.2018;1,53;0;0,31;1,84
112;101223447;;"РУП ""Национальный центр маркетинга и конъюнктуры цен""";111;Продавец;Полевая Марина Владимировна;112;691772248;;"ООО ""Химпромоил""";107;Покупатель; ;101223447-2018-0000018144;;Исходный;Выставлен. Подписан получателем;08.02.2018;31.01.2018;12.02.2018;;"""""";;;"""""";;"""""";"""""";;;"""ЭТП-2015-03-18397""";11.03.2015;Акт;;;;"""ЭТП-2018-18397/129634""";31.01.2018;14,17;0;2,83;17
112;800013732;;"Совместное общество с ограниченной ответственностью ""Мобильные ТелеСистемы""";107;Продавец;Щетко Дмитрий Николаевич;112;691772248;;"Общество с ограниченной ответственностью ""ХимПромОил""";107;Покупатель; ;800013732-2018-1201222884;;Исходный;Выставлен. Подписан получателем;08.02.2018;31.01.2018;12.02.2018;;"""""";;;"""""";;"""""";"""""";;;"""107316033119""";15.04.2016;Другое;Счёт-акт оказанных услуг;;;"""8775247177""";31.01.2018;5,7;0;1,43;7,13
112;800013732;;"Совместное общество с ограниченной ответственностью ""Мобильные ТелеСистемы""";107;Продавец;Щетко Дмитрий Николаевич;112;691772248;;"ООО ""ХимПромОил""";107;Покупатель; ;800013732-2018-1201216944;;Исходный;Выставлен. Подписан получателем;08.02.2018;31.01.2018;12.02.2018;;"""""";;;"""""";;"""""";"""""";;;"""107316615643""";05.12.2016;Другое;Счёт-акт оказанных услуг;;;"""8775645108""";31.01.2018;30;0;7,5;37,5
112;300042199;;"ОАО ""НАФТАН""";351;Продавец;Ефимов Андрей Евгеньевич;112;691772248;;"ООО ""ХимПромОил""";107;Покупатель; ;300042199-2018-0000007171;;Исходный;Выставлен. Подписан получателем;09.02.2018;31.01.2018;12.02.2018;;"""""";;;"""""";;"""""";"""""";;;"""049/2.13.11786""";07.12.2017;Другое;;;;"""86""";31.01.2018;147,84;0;29,57;177,41
112;190604746;     ;"ЧУП ""Белтрансспутник"", РБ";108;Продавец;Абухович Татьяна Александровна;112;691772248;     ;"ООО ""ХимПромОил""";107;Покупатель; ;190604746-2018-0000005492;;Исходный;Выставлен. Подписан получателем;09.02.2018;31.01.2018;12.02.2018;;"""""";;;"""""";;"""""";"""""";;;"""7392-у""";26.05.2016;Акт;;;;"""2796""";31.01.2018;17,5;0;3,5;21
112;100847638;;"ООО ""МЕКУС""";105;Продавец;Саркисова Мария Александровна;112;691772248;;"ООО ""ХимПромОил""";107;Покупатель; ;100847638-2018-0000000597;;Исходный;Выставлен. Подписан получателем;09.02.2018;31.01.2018;12.02.2018;;"""""";;;"""""";;"""""";"""""";;;"""238/16""";16.09.2016;Акт выполненных работ;;;;"""0000000597""";31.01.2018;21,62;0;4,33;25,95
112;191426062;;Гоман К. Н.;107;Продавец;Гоман Кирилл Николаевич;112;691772248;;"ООО ""ХимПромОил""";107;Покупатель; ;191426062-2018-0000000030;;Исходный;Выставлен. Подписан получателем;12.02.2018;31.01.2018;12.02.2018;;"""""";;;"""""";;"""""";"""""";;;"""1""";05.03.2015;600;;;;"""""";;83,33;0;16,67;100
112;190117474;;"УП ""ЖЭС МЖК""";107;Посредник;Волошина Галина Андреевна;112;691772248;;"ООО ""ХимПромОил""";107;Потребитель; ;190117474-2018-0000000197;;Исходный;Выставлен. Подписан получателем;14.02.2018;31.01.2018;21.02.2018;;"""""";;;"""""";;"""""";"""""";;;"""№74""";01.01.2017;Счет-фактура;;;;"""144""";12.02.2018;88,32;0;17,66;105,98
112;191426062;;Гоман К. Н.;107;Посредник;Гоман Кирилл Николаевич;112;691772248;;"ООО ""ХимПромОил""";107;Потребитель; ;191426062-2018-0000000034;;Исходный;Выставлен. Подписан получателем;19.02.2018;31.01.2018;21.02.2018;;"""""";;;"""""";;"""""";"""""";;;"""1""";05.03.2015;Счет-фактура;;;;"""1/2018""";19.02.2018;194,73;0;38,94;233,67
112;190117474;;"УП ""ЖЭС МЖК""";107;Посредник;Волошина Галина Андреевна;112;691772248;;"ООО ""ХимПромОил""";107;Потребитель; ;190117474-2018-0000000198;;Исходный;Выставлен. Подписан получателем;14.02.2018;31.01.2018;21.02.2018;;"""""";;;"""""";;"""""";"""""";;;"""№74""";01.01.2017;Счет-фактура;;;;"""144""";12.02.2018;374,79;0;74,96;449,75
112;690314876;     ;"РУП  ""Белоруснефть-Минскоблнефтепродукт""";606;Продавец;Ковалев Сергей Николаевич;112;691772248;     ;"ООО ""ХимПромОил""";107;Покупатель; ;690314876-2018-1800002335;;Исходный;Выставлен. Подписан получателем;07.02.2018;31.01.2018;13.02.2018;;"""""";;;"""""";;"""""";"""""";;;"""5434""";06.11.2014;Другое;НТУ-АЗС;;;"""5434/31-01-2018""";31.01.2018;449,56;0;89,94;539,5
112;192711139;;"Частное предприятие ""Пульс цен""";108;Продавец;Куликова Елена Григорьевна;112;691772248;;"ООО ""ХимПромОил""";107;Покупатель; ;192711139-2018-0000000414;;Исходный;Выставлен. Подписан получателем;07.02.2018;31.01.2018;13.02.2018;;"""""";;;"""""";;"""""";"""""";;;"""Счет №ЧППЦ 251127/18""";19.01.2018;Акт;;;;"""ЧППЦ259754""";31.01.2018;21,76;0;4,35;26,11
112;690314876;     ;"РУП  ""Белоруснефть-Минскоблнефтепродукт""";606;Комиссионер;Ковалев Сергей Николаевич;112;691772248;     ;"ООО ""ХимПромОил""";107;Покупатель; ;690314876-2018-1800006253;;Исходный;Выставлен. Подписан получателем;07.02.2018;31.01.2018;13.02.2018;;"""""";;;"""""";;"""""";"""""";;;"""5434""";06.11.2014;Другое;НТУ-АЗС;;;"""5434/31-01-2018""";31.01.2018;1411,2;0;282,35;1693,55
112;690314876;     ;"РУП  ""Белоруснефть-Минскоблнефтепродукт""";606;Комиссионер;Ковалев Сергей Николаевич;112;691772248;     ;"ООО ""ХимПромОил""";107;Покупатель; ;690314876-2018-1800007868;;Исходный;Выставлен. Подписан получателем;07.02.2018;31.01.2018;13.02.2018;;"""""";;;"""""";;"""""";"""""";;;"""5434""";06.11.2014;Другое;НТУ-АЗС;;;"""5434/31-01-2018""";31.01.2018;35,7;0;7,14;42,84
112;690314876;     ;"РУП  ""Белоруснефть-Минскоблнефтепродукт""";606;Комиссионер;Ковалев Сергей Николаевич;112;691772248;     ;"ООО ""ХимПромОил""";107;Покупатель; ;690314876-2018-1800010904;;Исходный;Выставлен. Подписан получателем;07.02.2018;31.01.2018;13.02.2018;;"""""";;;"""""";;"""""";"""""";;;"""5434""";06.11.2014;Другое;НТУ-АЗС;;;"""5434/31-01-2018""";31.01.2018;25,8;0;5,16;30,96
112;192287331;     ;"Торговое унитарное предприятие ""Проект Дилбай""";104;Продавец;Новицкая Марина Александровна;112;691772248;     ;"Общество с ограниченной ответственностью ""ХимПромОил""";107;Покупатель; ;192287331-2018-0000013112;;Исходный;Выставлен. Подписан получателем;09.02.2018;31.01.2018;12.02.2018;;"""""";;;"""""";;"""""";"""""";;;"""б\н""";31.01.2018;Акт;;;;"""122693-4""";31.01.2018;38,22;0;7,64;45,86
112;102302797;;"ФИЛИАЛ МГТС РУП ""БЕЛТЕЛЕКОМ""";104;Продавец;Ухтинская Светлана Сергеевна;112;691772248;     ;"ООО""ХИМПРОМОИЛ""";107;Покупатель; ;102302797-2018-9702021391;;Исходный;Выставлен. Подписан получателем;09.02.2018;31.01.2018;12.02.2018;;"""""";;;"""""";;"""""";"""""";;;"""298""";28.12.2015;Счет-фактура;Счёт-фактура;;;"""1008824""";12.02.2018;22,97;0;5,75;28,72
112;101007741;;"РУП ""БЕЛТЕЛЕКОМ""";111;Продавец;Зеленина Диана Викторовна;112;691772248;     ;"ООО""ХИМПРОМОИЛ""";107;Покупатель; ;101007741-2018-9702016893;;Исходный;Выставлен. Подписан получателем;09.02.2018;31.01.2018;12.02.2018;;"""""";;;"""""";;"""""";"""""";;;"""298""";28.12.2015;Счет-фактура;Счёт-фактура;;;"""1008824""";12.02.2018;94,25;0;23,56;117,81
112;190557843;;"СООО ""Интеллект-Лизинг""";106;Продавец;Фетисова Елена Александровна;112;691772248;;"ООО ""ХимПромОил""";107;Покупатель; ;190557843-2018-0000000674;;Исходный;Выставлен;09.02.2018;31.01.2018;;;"""""";;;"""""";;"""""";"""""";;;"""2074""";11.12.2017;Договор;Договор;;;"""2074""";11.12.2017;644,74;0;128,95;773,69
112;100287525;;Севкович А. И.;104;Продавец;Севкович Александр Иосифович;112;691772248;;"ООО ""ХимПромОил""";107;Покупатель; ;100287525-2018-0000000064;;Исходный;Аннулирован;08.02.2018;31.01.2018;;31.01.2018;"""""";;;"""""";;"""""";"""""";;;"""108""";11.01.2018;ТН-2;;401951;ЖБ;"""1263913""";31.01.2018;255;0;51;306
112;190726138;;"Государственное предприятие ""Центр Систем Идентификации""";107;Продавец;Дзагания Нина Тенгизовна;112;691772248;;"ООО ""ХимПромОил""";107;Покупатель; ;190726138-2018-0000004067;;Исходный;Выставлен. Подписан получателем;01.02.2018;31.01.2018;12.02.2018;;"""""";;;"""""";;"""""";"""""";;;"""ЭПТ 10-109-11/2017""";22.11.2017;Акт;;;;"""ЭПТ 10-109-11/2017""";31.01.2018;3,36;0;0,67;4,03
112;690314876;     ;"РУП  ""Белоруснефть-Минскоблнефтепродукт""";606;Комиссионер;Ковалев Сергей Николаевич;112;691772248;     ;"ООО ""ХимПромОил""";107;Покупатель; ;690314876-2018-1800012310;;Исходный;Выставлен. Подписан получателем;07.02.2018;31.01.2018;13.02.2018;;"""""";;;"""""";;"""""";"""""";;;"""5434""";06.11.2014;Другое;НТУ-АЗС;;;"""5434/31-01-2018""";31.01.2018;43;0;8,6;51,6
112;690314876;     ;"РУП  ""Белоруснефть-Минскоблнефтепродукт""";606;Комиссионер;Ковалев Сергей Николаевич;112;691772248;     ;"ООО ""ХимПромОил""";107;Покупатель; ;690314876-2018-1800011716;;Исходный;Выставлен. Подписан получателем;07.02.2018;31.01.2018;13.02.2018;;"""""";;;"""""";;"""""";"""""";;;"""5434""";06.11.2014;Другое;НТУ-АЗС;;;"""5434/31-01-2018""";31.01.2018;78,34;0;15,67;94,01
112;190117474;;"УП ""ЖЭС МЖК""";107;Продавец;Волошина Галина Андреевна;112;691772248;;"ООО ""ХимПромОил""";107;Покупатель; ;190117474-2018-0000000134;;Исходный;Выставлен. Подписан получателем;01.02.2018;31.01.2018;12.02.2018;;"""""";;;"""""";;"""""";"""""";;;"""№74""";01.01.2017;Счет-фактура;;;;"""89""";31.01.2018;34,47;0;6,89;41,36
112;300042199;;"ОАО ""НАФТАН""";351;Продавец;Ефимов Андрей Евгеньевич;112;691772248;;"ООО ""ХимПромОил""";107;Покупатель; ;300042199-2018-0000005617;;Исходный;Выставлен. Подписан получателем;07.02.2018;30.01.2018;12.02.2018;;"""""";;;"""""";;"""""";"""""";;;"""049/2.02.488""";17.01.2017;ТТН-1;;402962;ИА;"""0245216""";30.01.2018;5913,07;0;1182,61;7095,68
112;200180562;     ;"Общество с ограниченной ответственностью ""Белинвестторг""";271;Продавец;Юсковец Татьяна Васильевна;112;691772248;     ;"Общество с ограниченной ответственностью ""ХимПромОил""";107;Покупатель; ;200180562-2018-0000002409;;Исходный;Выставлен. Подписан получателем;08.02.2018;30.01.2018;12.02.2018;;"""""";;;"""""";;"""""";"""""";;;"""834/17М""";18.08.2017;ТН-2;ТН-2;401951;ЖС;"""1620865""";30.01.2018;90;0;18;108
112;691834846;     ;"Общество с ограниченной ответственностью ""Город Масел""";613;Продавец;Кахно Татьяна Валерьевна;112;691772248;     ;"ООО ""ХимПромОил""";107;Покупатель; ;691834846-2018-0000000132;;Исходный;Выставлен. Подписан получателем;06.02.2018;30.01.2018;12.02.2018;;"""""";;;"""""";;"""""";"""""";;;"""б/н""";20.07.2017;ТТН-1;ТТН-1;402961;ЮР;"""7063004""";30.01.2018;698,28;0;139,66;837,94
112;190431542;;"РО ""Белагросервис""";107;Продавец;Соколовская Ольга Викторовна;112;691772248;;"ООО ""ХимПромОил""";107;Покупатель; ;190431542-2018-0000172673;;Исходный;Выставлен. Подписан получателем;07.02.2018;30.01.2018;12.02.2018;;"""""";;;"""""";;"""""";"""""";;;"""договор №13-3-5/32""";22.02.2017;ТН-2;;401951;ИХ;"""1427889""";30.01.2018;5917,25;0;591,73;6508,98
112;190063577;;"ООО ""Еврозапчасть""";109;Продавец;Шпиганович Ольга Григорьевна;112;691772248;;"Общество с ограниченной ответственностью ""ХимПромОил""";107;Покупатель; ;190063577-2018-1000069899;;Исходный;Выставлен. Подписан получателем;08.02.2018;29.01.2018;12.02.2018;;"""""";;;"""""";;"""""";"""""";;;"""Договор поставки №б/н""";25.10.2017;ТН-2;ТН-2;401951;ЖС;"""1567676""";29.01.2018;13,4;0;2,68;16,08
112;691834846;     ;"Общество с ограниченной ответственностью ""Город Масел""";613;Продавец;Кахно Татьяна Валерьевна;112;691772248;     ;"ООО ""ХимПромОил""";107;Покупатель; ;691834846-2018-0000000128;;Исходный;Выставлен. Подписан получателем;06.02.2018;29.01.2018;12.02.2018;;"""""";;;"""""";;"""""";"""""";;;"""б/н""";20.07.2017;ТТН-1;ТТН-1;402961;ЮР;"""7063003""";29.01.2018;1416,48;0;283,29;1699,77
112;100371574;;"ЗАО ""БелСнабПодшипник""";109;Продавец;Козлов Александр Фёдорович;112;691772248;     ;"ООО ""ХимПромОил""";107;Покупатель; ;100371574-2018-0021800200;;Исходный;Выставлен. Подписан получателем;06.02.2018;26.01.2018;12.02.2018;;"""""";;;"""""";;"""""";"""""";;;"""№ ГО(14)-346 """;31.05.2017;ТТН-1;;402961;ЭУ;"""4734488""";26.01.2018;319,66;0;63,94;383,6
112;191875572;;"Частное торговое унитарное предприятие ""Роса-смазочные материалы""";112;Продавец;Гуринович Евгений Фёдорович;112;691772248;;"Общество с ограниченной ответственностью ""ХимПромОйл""";107;Покупатель; ;191875572-2018-0000000124;;Исходный;Выставлен. Подписан получателем;05.02.2018;26.01.2018;12.02.2018;;"""""";;;"""""";;"""""";"""""";;;"""29/09/2014-041М""";29.09.2014;ТТН-1;ТТН-1;402961;ЮФ;"""5604935""";26.01.2018;2482,2;0;496,44;2978,64
112;191875572;;"Частное торговое унитарное предприятие ""Роса-смазочные материалы""";112;Продавец;Гуринович Евгений Фёдорович;112;691772248;;"Общество с ограниченной ответственностью ""ХимПромОйл""";107;Покупатель; ;191875572-2018-0000000131;;Исходный;Выставлен. Подписан получателем;05.02.2018;25.01.2018;12.02.2018;;"""""";;;"""""";;"""""";"""""";;;"""29/09/2014-041М""";29.09.2014;ТН-2;ТН-2;401951;ЖН;"""2091124""";25.01.2018;15883,98;0;3176,8;19060,78
112;691834846;     ;"Общество с ограниченной ответственностью ""Город Масел""";613;Продавец;Кахно Татьяна Валерьевна;112;691772248;     ;"ООО ""ХимПромОил""";107;Покупатель; ;691834846-2018-0000000113;;Исходный;Выставлен. Подписан получателем;06.02.2018;25.01.2018;12.02.2018;;"""""";;;"""""";;"""""";"""""";;;"""б/н""";20.07.2017;ТТН-1;ТТН-1;402961;ЮР;"""7062931""";25.01.2018;1809,16;0;361,84;2171
112;192507971;;"Общество с ограниченной ответственностью ""Запас Прочности""";107;Продавец;Соболь Андрей Юрьевич;112;691772248;;"Общество с ограниченной ответственностью ""ХимПромОил""";107;Покупатель; ;192507971-2018-0000000017;;Исходный;Выставлен. Подписан получателем;12.02.2018;25.01.2018;13.02.2018;;"""""";;;"""""";;"""""";"""""";;;"""Договор №ВА69""";24.01.2018;ТТН-1;;402961;ЮФ;"""0025487""";25.01.2018;260;0;52;312
112;191875572;;"Частное торговое унитарное предприятие ""Роса-смазочные материалы""";112;Продавец;Гуринович Евгений Фёдорович;112;691772248;;"Общество с ограниченной ответственностью ""ХимПромОйл""";107;Покупатель; ;191875572-2018-0000000121;;Исходный;Выставлен. Подписан получателем;05.02.2018;25.01.2018;12.02.2018;;"""""";;;"""""";;"""""";"""""";;;"""29/09/2014-041М""";29.09.2014;ТТН-1;ТТН-1;402961;ЮФ;"""5604931""";25.01.2018;2836,8;0;567,36;3404,16
112;101223447;;"РУП ""Национальный центр маркетинга и конъюнктуры цен""";111;Продавец;Полевая Марина Владимировна;112;691772248;;"ООО ""Химпромоил""";107;Покупатель; ;101223447-2018-0000014802;;Исходный;Выставлен. Подписан получателем;29.01.2018;25.01.2018;12.02.2018;;"""""";;;"""""";;"""""";"""""";;;"""ЭТП-2015-03-18397""";11.03.2015;Акт;;;;"""ЭТП-2018-18397/129467""";25.01.2018;14,17;0;2,83;17
112;101223447;;"РУП ""Национальный центр маркетинга и конъюнктуры цен""";111;Продавец;Негодько Татьяна Зеноновна;112;691772248;;"ООО ""Химпромоил""";107;Покупатель; ;101223447-2018-0000013964;;Исходный;Выставлен. Подписан получателем;29.01.2018;24.01.2018;12.02.2018;;"""""";;;"""""";;"""""";"""""";;;"""ЭТП-2015-03-18397""";11.03.2015;Акт;;;;"""ЭТП-2018-18397/129766""";24.01.2018;14,17;0;2,83;17
112;190542056;;"ОАО ""Белорусская универсальная товарная биржа""";105;Продавец;Ахременко Денис Валерьевич;112;691772248;;"Общество с ограниченной ответственностью ""ХимПромОил""";107;Покупатель; ;190542056-2018-0000016719;;Исходный;Выставлен. Подписан получателем;08.02.2018;24.01.2018;12.02.2018;;"""""";;;"""""";;"""""";"""""";;;"""40620""";05.02.2016;Другое;Другое;;;"""O20180122153821""";24.01.2018;15;0;3;18
112;200180562;     ;"Общество с ограниченной ответственностью ""Белинвестторг""";271;Продавец;Юсковец Татьяна Васильевна;112;691772248;     ;"Общество с ограниченной ответственностью ""ХимПромОил""";107;Покупатель; ;200180562-2018-0000001960;;Исходный;Выставлен. Подписан получателем;30.01.2018;24.01.2018;12.02.2018;;"""""";;;"""""";;"""""";"""""";;;"""834/17М""";18.08.2017;ТН-2;ТН-2;401951;ЖС;"""1620977""";24.01.2018;440;0;88;528
112;200180562;     ;"Общество с ограниченной ответственностью ""Белинвестторг""";271;Продавец;Юсковец Татьяна Васильевна;112;691772248;     ;"Общество с ограниченной ответственностью ""ХимПромОил""";107;Покупатель; ;200180562-2018-0000001913;;Исходный;Выставлен. Подписан получателем;30.01.2018;24.01.2018;12.02.2018;;"""""";;;"""""";;"""""";"""""";;;"""834/17М""";18.08.2017;ТН-2;ТН-2;401951;ЖС;"""1620978""";24.01.2018;208,34;0;41,67;250,01
112;691834846;     ;"Общество с ограниченной ответственностью ""Город Масел""";613;Продавец;Кахно Татьяна Валерьевна;112;691772248;     ;"ООО ""ХимПромОил""";107;Покупатель; ;691834846-2018-0000000100;;Исходный;Выставлен. Подписан получателем;05.02.2018;23.01.2018;12.02.2018;;"""""";;;"""""";;"""""";"""""";;;"""б/н""";20.07.2017;ТТН-1;ТТН-1;402961;ЮР;"""7062918""";23.01.2018;326,17;0;65,23;391,4
112;190063577;;"ООО ""Еврозапчасть""";109;Продавец;Шпиганович Ольга Григорьевна;112;691772248;;"Общество с ограниченной ответственностью ""ХимПромОил""";107;Покупатель; ;190063577-2018-1000055777;;Исходный;Выставлен. Подписан получателем;01.02.2018;22.01.2018;12.02.2018;;"""""";;;"""""";;"""""";"""""";;;"""Договор поставки №б/н""";25.10.2017;ТТН-1;ТТН-1;402962;ие;"""0765969""";22.01.2018;52,15;0;10,43;62,58
112;691834846;     ;"Общество с ограниченной ответственностью ""Город Масел""";613;Продавец;Кахно Татьяна Валерьевна;112;691772248;     ;"ООО ""ХимПромОил""";107;Покупатель; ;691834846-2018-0000000095;;Исходный;Выставлен. Подписан получателем;05.02.2018;22.01.2018;12.02.2018;;"""""";;;"""""";;"""""";"""""";;;"""б/н""";20.07.2017;Электронная ТТН-1;Электронная ТТН-1;402961;ЮР;"""7062908""";22.01.2018;1551,66;0;310,33;1861,99
112;300044043;     ;"ОДО ""Валентина-М""";107;Продавец;Серафимович Ольга Константиновна;112;691772248;     ;"ООО ""ХимПромОил""";107;Покупатель; ;300044043-2018-0000001533;;Исходный;Аннулирован;06.02.2018;22.01.2018;;22.01.2018;"""""";;;"""""";;"""""";"""""";;;"""Счет-договор №215""";19.01.2018;ТТН-1;ТТН-1;402961;ЮЛ;"""2127966""";22.01.2018;1350;0;270;1620
112;300044043;;"ОДО ""Валентина-М""";107;Продавец;Серафимович Ольга Константиновна;112;691772248;;"ООО ""ХимПромОил""";107;Покупатель; ;300044043-2018-0000001959;300044043-2018-0000001533;Исправленный;Выставлен. Подписан получателем;13.02.2018;22.01.2018;13.02.2018;;"""""";;;"""""";;"""""";"""""";;;"""Счет-договор №215""";19.01.2018;ТТН-1;ТТН-1;402961;ЮЛ;"""2127966""";22.01.2018;1350;0;270;1620
112;691834846;     ;"Общество с ограниченной ответственностью ""Город Масел""";613;Продавец;Кахно Татьяна Валерьевна;112;691772248;     ;"ООО ""ХимПромОил""";107;Покупатель; ;691834846-2018-0000000086;;Исходный;Аннулирован;05.02.2018;20.01.2018;;20.01.2018;"""""";;;"""""";;"""""";"""""";;;"""б/н""";20.07.2017;ТТН-1;ТТН-1;402961;ЮР;"""7062905""";20.01.2018;1629,24;0;325,85;1955,09
112;300044043;     ;"ОДО ""Валентина-М""";107;Продавец;Серафимович Ольга Константиновна;112;691772248;     ;"ООО ""ХимПромОил""";107;Покупатель; ;300044043-2018-0000001502;;Исходный;Выставлен. Подписан получателем;06.02.2018;20.01.2018;12.02.2018;;"""""";;;"""""";;"""""";"""""";;;"""Договор №  101/03""";07.03.2017;ТТН-1;ТТН-1;402961;ЮЛ;"""2127954""";20.01.2018;530;0;106;636
112;192077474;;"ООО ""БиКрафтОйл""";109;Продавец;Ботян Ольга Александровна;112;691772248;     ;"ООО ""ХимПромОйл""";107;Покупатель; ;192077474-2018-0000000859;;Исходный;Выставлен. Подписан получателем;06.02.2018;19.01.2018;12.02.2018;;"""""";;;"""""";;"""""";"""""";;;"""1901""";25.08.2016;ТТН-1;;402961;ЮТ;"""0936924""";19.01.2018;3596,88;0;719,38;4316,26
112;700018342;;"ОАО ""Агрокомбинат ""Восход""";716;Продавец;Гладкина Елена Александровна;112;691772248;;"ООО ""ХимПроОйл""";107;Покупатель; ;700018342-2018-0000000490;;Исходный;Выставлен. Подписан получателем;02.02.2018;19.01.2018;12.02.2018;;"""""";;;"""""";;"""""";"""""";;;"""8/400""";29.06.2016;ТТН-1;ТТН-1;402961;ЮЭ;"""2435045""";19.01.2018;550;0;55;605
112;191471136;;"Общество с ограниченной ответственностью ""БелСпросШина""";111;Продавец;Храмцевич Дмитрий Валерьевич;112;691772248;;"ООО ""ХимПромОил""";107;Покупатель; ;191471136-2018-0000003468;;Исходный;Выставлен. Подписан получателем;28.01.2018;18.01.2018;12.02.2018;;"""""";;;"""""";;"""""";"""""";;;"""б/н""";14.11.2016;ТТН-1;;402961;ЮХ;"""2134880""";18.01.2018;1546,88;0;309,38;1856,26
112;200180562;     ;"Общество с ограниченной ответственностью ""Белинвестторг""";271;Продавец;Юсковец Татьяна Васильевна;112;691772248;     ;"Общество с ограниченной ответственностью ""ХимПромОил""";107;Покупатель; ;200180562-2018-0000001303;;Исходный;Выставлен. Подписан получателем;24.01.2018;18.01.2018;12.02.2018;;"""""";;;"""""";;"""""";"""""";;;"""834/17М""";18.08.2017;ТН-2;ТН-2;401951;ЖС;"""1620956""";18.01.2018;440;0;88;528
112;100371574;;"ЗАО ""БелСнабПодшипник""";109;Продавец;Козлов Александр Фёдорович;112;691772248;     ;"ООО ""ХимПромОил""";107;Покупатель; ;100371574-2018-0021800119;;Исходный;Выставлен. Подписан получателем;06.02.2018;17.01.2018;12.02.2018;;"""""";;;"""""";;"""""";"""""";;;"""№ ГО(14)-346 """;31.05.2017;ТТН-1;;402961;ЭУ;"""4734476""";17.01.2018;976,5;0;195,3;1171,8
112;190542056;;"ОАО ""Белорусская универсальная товарная биржа""";105;Продавец;Ахременко Денис Валерьевич;112;691772248;;"Общество с ограниченной ответственностью ""ХимПромОил""";107;Покупатель; ;190542056-2018-0000012593;;Исходный;Выставлен. Подписан получателем;08.02.2018;17.01.2018;12.02.2018;;"""""";;;"""""";;"""""";"""""";;;"""40620""";05.02.2016;Другое;Другое;;;"""O20180116152680""";17.01.2018;15;0;3;18
112;191559167;;"Частное торговое унитарное предприятие""ВИКО-Техно""";102;Продавец;Маняк Дмитрий Юрьевич;112;691772248;;"ООО ""ХимПромОил""";107;Покупатель; ;191559167-2018-0000000325;;Исходный;Выставлен. Подписан получателем;31.01.2018;17.01.2018;12.02.2018;;"""""";;;"""""";;"""""";"""""";;;"""№ 289""";16.01.2018;ТТН-1;;402961;ЮХ;"""1265385""";17.01.2018;188,5;0;37,7;226,2
112;190635842;;ООО Смартон;104;Продавец;Виршич Дарья Михайловна;112;691772248;;"ООО ""ХимПромОил""";107;Покупатель; ;190635842-2018-0000006400;;Исходный;Выставлен. Подписан получателем;06.02.2018;17.01.2018;13.02.2018;;"""""";;;"""""";;"""""";"""""";;;"""Договор №МИ00-00017838 от 18.10.2016""";18.10.2016;ТН-2;ТН;401951;ЮЯ;"""0867620""";17.01.2018;289,6;0;57,93;347,53
112;101310679;;"ООО ""ВИЛАНД"" РБ";109;Продавец;Журавлёва Юлия Станиславовна;112;691772248;     ;"ООО ""ХимПромОйл"" РБ";107;Покупатель; ;101310679-2018-0000000610;;Исходный;Выставлен. Подписан получателем;07.02.2018;17.01.2018;12.02.2018;;"""""";;;"""""";;"""""";"""""";;;"""7453""";15.01.2016;ТТН-1;;402961;ЮФ;"""3429540""";17.01.2018;495;0;99;594
112;600125053;;ОАО Завод горного воска;617;Продавец;Лудчинская Елена Николаевна;112;691772248;;"ООО ""Химпромоил""";107;Покупатель; ;600125053-2018-0000000263;;Исходный;Выставлен. Подписан получателем;31.01.2018;17.01.2018;12.02.2018;;"""""";;;"""""";;"""""";"""""";;;"""65""";17.01.2018;ТТН-1;;402961;ЮК;"""5366616""";17.01.2018;3006,89;0;601,38;3608,27
112;690314876;     ;"РУП ""Белоруснефть-Минскоблнефтепродукт""";606;Продавец;Неуступова Людмила Викторовна;112;691772248;     ;"ООО ""ХимПромОил""";107;Покупатель; ;690314876-2018-0800001791;;Исходный;Выставлен. Подписан получателем;29.01.2018;17.01.2018;13.02.2018;;"""""";;;"""""";;"""""";"""""";;;"""1061/2017""";19.10.2017;ТТН-1;Расходная накладная (нефтепродукты);402961;ЮФ;"""3870066""";17.01.2018;12079,78;0;2415,95;14495,73
112;700018342;;"ОАО ""Агрокомбинат ""Восход""";716;Продавец;Гладкина Елена Александровна;112;691772248;;"ООО ""ХимПроОйл""";107;Покупатель; ;700018342-2018-0000000462;;Исходный;Выставлен. Подписан получателем;02.02.2018;17.01.2018;12.02.2018;;"""""";;;"""""";;"""""";"""""";;;"""8/400""";29.06.2016;ТТН-1;ТТН-1;402961;ЮЭ;"""2434947""";17.01.2018;395;0;39,5;434,5
112;691834846;     ;"Общество с ограниченной ответственностью ""Город Масел""";613;Продавец;Кахно Татьяна Валерьевна;112;691772248;     ;"ООО ""ХимПромОил""";107;Покупатель; ;691834846-2018-0000000076;;Исходный;Выставлен. Подписан получателем;05.02.2018;17.01.2018;12.02.2018;;"""""";;;"""""";;"""""";"""""";;;"""б/н""";20.07.2017;ТН-2;ТН-2;401951;ЖМ;"""0098580""";17.01.2018;627;0;125,4;752,4
112;691834846;     ;"Общество с ограниченной ответственностью ""Город Масел""";613;Продавец;Кахно Татьяна Валерьевна;112;691772248;     ;"ООО ""ХимПромОил""";107;Покупатель; ;691834846-2018-0000000072;;Исходный;Выставлен. Подписан получателем;05.02.2018;17.01.2018;12.02.2018;;"""""";;;"""""";;"""""";"""""";;;"""б/н""";20.07.2017;ТТН-1;ТТН-1;402961;ЮР;"""7062993""";17.01.2018;570,79;0;114,16;684,95
112;192077474;;"ООО ""БиКрафтОйл""";109;Продавец;Ботян Ольга Александровна;112;691772248;     ;"ООО ""ХимПромОйл""";107;Покупатель; ;192077474-2018-0000000782;;Исходный;Выставлен. Подписан получателем;06.02.2018;17.01.2018;12.02.2018;;"""""";;;"""""";;"""""";"""""";;;"""1901""";25.08.2016;ТТН-1;;402961;ЮТ;"""0936844""";17.01.2018;868,5;0;173,7;1042,2
112;691834846;     ;"Общество с ограниченной ответственностью ""Город Масел""";613;Продавец;Кахно Татьяна Валерьевна;112;691772248;     ;"ООО ""ХимПромОил""";107;Покупатель; ;691834846-2018-0000000067;;Исходный;Выставлен. Подписан получателем;05.02.2018;16.01.2018;12.02.2018;;"""""";;;"""""";;"""""";"""""";;;"""б/н""";20.07.2017;ТТН-1;ТТН-1;402961;ЮР;"""7062990""";16.01.2018;57;0;11,4;68,4
112;691834846;     ;"Общество с ограниченной ответственностью ""Город Масел""";613;Продавец;Кахно Татьяна Валерьевна;112;691772248;     ;"ООО ""ХимПромОил""";107;Покупатель; ;691834846-2018-0000000068;;Исходный;Выставлен. Подписан получателем;05.02.2018;16.01.2018;12.02.2018;;"""""";;;"""""";;"""""";"""""";;;"""б/н""";20.07.2017;ТТН-1;ТТН-1;402961;ЮР;"""7062991""";16.01.2018;22,96;0;4,59;27,55
112;100006975;     ;"ООО ""Сервовит""    РБ";106;Продавец;Корчашко Елена Вячеславовна;112;691772248;     ;"ООО ""ХимПромОйл""";107;Покупатель; ;100006975-2018-0000000241;;Исходный;Выставлен. Подписан получателем;20.02.2018;16.01.2018;21.02.2018;;"""""";;;"""""";;"""""";"""""";;;"""1103/40""";03.11.2014;Акт;;;;"""50""";16.01.2018;125;0;25;150
112;190542214;;"Коммунальное унитарное предприятие ""Тендерный центр Мингорисполкома""";108;Продавец;Базылик Светлана Ивановна;112;691772248;;"ООО""ХимПромОил""";107;Покупатель; ;190542214-2018-0000000033;;Исходный;Выставлен. Подписан получателем;16.01.2018;15.01.2018;12.02.2018;;"""""";;;"""""";;"""""";"""""";;;"""1496/Ц385""";26.12.2017;Акт выполненных работ;;;;"""О000033""";15.01.2018;231,08;0;46,22;277,3
112;691834846;     ;"Общество с ограниченной ответственностью ""Город Масел""";613;Продавец;Кахно Татьяна Валерьевна;112;691772248;     ;"ООО ""ХимПромОил""";107;Покупатель; ;691834846-2018-0000000062;;Исходный;Выставлен. Подписан получателем;05.02.2018;15.01.2018;12.02.2018;;"""""";;;"""""";;"""""";"""""";;;"""б/н""";20.07.2017;ТТН-1;ТТН-1;402961;ЮР;"""7062983""";15.01.2018;29,77;0;5,95;35,72
112;190542056;;"ОАО ""Белорусская универсальная товарная биржа""";105;Продавец;Ахременко Денис Валерьевич;112;691772248;;"Общество с ограниченной ответственностью ""ХимПромОил""";107;Покупатель; ;190542056-2018-0000012412;;Исходный;Выставлен. Подписан получателем;08.02.2018;12.01.2018;12.02.2018;;"""""";;;"""""";;"""""";"""""";;;"""8775""";19.07.2016;Другое;Другое;;;"""62351""";12.01.2018;11,38;0;2,28;13,66
112;691834846;     ;"Общество с ограниченной ответственностью ""Город Масел""";613;Продавец;Кахно Татьяна Валерьевна;112;691772248;     ;"ООО ""ХимПромОил""";107;Покупатель; ;691834846-2018-0000000056;;Исходный;Выставлен. Подписан получателем;05.02.2018;12.01.2018;12.02.2018;;"""""";;;"""""";;"""""";"""""";;;"""б/н""";20.07.2017;ТТН-1;ТТН-1;402961;ЮР;"""7062982""";12.01.2018;1221,26;0;244,24;1465,5
112;691834846;     ;"Общество с ограниченной ответственностью ""Город Масел""";613;Продавец;Кахно Татьяна Валерьевна;112;691772248;     ;"ООО ""ХимПромОил""";107;Покупатель; ;691834846-2018-0000000048;;Исходный;Выставлен. Подписан получателем;05.02.2018;12.01.2018;12.02.2018;;"""""";;;"""""";;"""""";"""""";;;"""б/н""";20.07.2017;ТТН-1;ТТН-1;402961;ЮР;"""7062974""";12.01.2018;945,07;0;189,01;1134,08
112;100161571;;"ООО ""ФЛАРС""";106;Продавец;Былинович Наталья Иосифовна;112;691772248;;"ООО ""ХимПромОил""";107;Покупатель; ;100161571-2018-0000005979;;Исходный;Выставлен. Подписан получателем;05.02.2018;12.01.2018;13.02.2018;;"""""";;;"""""";;"""""";"""""";;;"""П2722""";17.11.2017;Акт выполненных работ;;;;"""17-00005499""";12.01.2018;32;0;6,4;38,4
112;100083608;     ;"РУП ""Издательство ""Белбланкавыд""";107;Продавец;Новиченко Валентин Евгеньевич;112;691772248;     ;"Общество с ограниченной ответственностью ""ХимПромОил""";107;Покупатель; ;100083608-2018-0000013292;;Исходный;Выставлен. Подписан получателем;09.02.2018;12.01.2018;13.02.2018;;"""""";;;"""""";;"""""";"""""";;;"""61""";05.01.2018;ТН-2;ТН-2;401951;ЖБ;"""0942874""";12.01.2018;203;0;40,6;243,6
112;100006975;     ;"ООО ""Сервовит""    РБ";106;Продавец;Корчашко Елена Вячеславовна;112;691772248;     ;"ООО ""ХимПромОйл""";107;Покупатель; ;100006975-2018-0000000233;;Исходный;Выставлен. Подписан получателем;05.02.2018;11.01.2018;09.02.2018;;"""""";;;"""""";;"""""";"""""";;;"""no_contract""";;ТТН-1;;402961;ЮЖ;"""3549950""";11.01.2018;1444,94;0;288,99;1733,93
112;200180562;     ;"Общество с ограниченной ответственностью ""Белинвестторг""";271;Продавец;Богнат Наталья Александровна;112;691772248;     ;"Общество с ограниченной ответственностью ""ХимПромОил""";107;Покупатель; ;200180562-2018-0000000485;;Исходный;Выставлен. Подписан получателем;18.01.2018;10.01.2018;12.02.2018;;"""""";;;"""""";;"""""";"""""";;;"""834/17М""";18.08.2017;ТН-2;ТН-2;401951;ЖС;"""1620808""";10.01.2018;92,5;0;18,5;111
112;190542056;;"ОАО ""Белорусская универсальная товарная биржа""";105;Продавец;Ахременко Денис Валерьевич;112;691772248;;"Общество с ограниченной ответственностью ""ХимПромОил""";107;Покупатель; ;190542056-2018-0000010952;;Исходный;Выставлен. Подписан получателем;08.02.2018;10.01.2018;12.02.2018;;"""""";;;"""""";;"""""";"""""";;;"""8775""";19.07.2016;Другое;Другое;;;"""62068""";10.01.2018;0,31;0;0,06;0,37
112;101561144;9006;"Минский филиал РУП ""Белтаможсервис""";613;Продавец;Самыкова Диана Николаевна;112;691772248;     ;"ООО ""ХИМПРОМОИЛ""";107;Покупатель; ;101561144-2018-1000117749;;Исходный;Выставлен. Подписан получателем;07.02.2018;10.01.2018;12.02.2018;;"""""";;;"""""";;"""""";"""""";;;"""ТА-0600/0000128(07/14)-14-0626""";14.10.2014;Акт;Акт;;;"""30-0127""";10.01.2018;58,33;0;11,67;70
112;191875572;;"Частное торговое унитарное предприятие ""Роса-смазочные материалы""";112;Продавец;Гуринович Евгений Фёдорович;112;691772248;;"Общество с ограниченной ответственностью ""ХимПромОйл""";107;Покупатель; ;191875572-2018-0000000072;;Исходный;Выставлен. Подписан получателем;05.02.2018;10.01.2018;12.02.2018;;"""""";;;"""""";;"""""";"""""";;;"""12""";09.01.2018;ТН-2;ТН-2;401951;ЖН;"""2091107""";10.01.2018;1440;0;288;1728
112;700010418;     ;"ОАО ""Заднепровский межрайагросервис""";773;Продавец;Степченко Андрей Сергеевич;112;691772248;     ;"ООО ""ХИМПРОМОИЛ""";107;Покупатель; ;700010418-2018-0000000357;;Исходный;Выставлен. Подписан получателем;09.02.2018;10.01.2018;12.02.2018;;"""""";;;"""""";;"""""";"""""";;;"""Договор №6-24/394 от 18.12.2017""";18.12.2017;ТТН-1;ТТН-1;402961;ЮТ;"""0814332""";10.01.2018;15677,77;0;3135,55;18813,32
112;690546768;;"Частное торговое унитарное предприятие ""Никхим""";603;Продавец;Шеченков Владимир Викторович;112;691772248;;"Общество с ограниченной ответственностью ""ХимПромОил""";107;Покупатель; ;690546768-2018-0000000010;;Исходный;Выставлен. Подписан получателем;28.01.2018;10.01.2018;12.02.2018;;"""""";;;"""""";;"""""";"""""";;;"""702 00008/16""";24.05.2016;ТТН-1;;402861;ЭК;"""0040391""";10.01.2018;272;0;54,4;326,4
112;690546768;;"Частное торговое унитарное предприятие ""Никхим""";603;Продавец;Шеченков Владимир Викторович;112;691772248;;"Общество с ограниченной ответственностью ""ХимПромОил""";107;Покупатель; ;690546768-2018-0000000007;;Исходный;Аннулирован;28.01.2018;09.01.2018;;09.01.2018;"""""";;;"""""";;"""""";"""""";;;"""190/12-15""";04.12.2015;ТТН-1;;402861;ЭК;"""0040389""";09.01.2018;1887;0;377,4;2264,4
112;690546768;;"Частное торговое унитарное предприятие ""Никхим""";603;Продавец;Шеченков Владимир Викторович;112;691772248;;"Общество с ограниченной ответственностью ""ХимПромОил""";107;Покупатель; ;690546768-2018-0000000006;;Исходный;Аннулирован;28.01.2018;09.01.2018;;09.01.2018;"""""";;;"""""";;"""""";"""""";;;"""190/12-15""";04.12.2015;ТТН-1;;402861;ЭК;"""0040390""";09.01.2018;1776;0;355,2;2131,2
112;100070543;;"ООО ""СВИАТ""";613;Продавец;Грихутик Анастасия Александровна;112;691772248;;ООО «ХимПромОил»;107;Покупатель; ;100070543-2018-0000002414;;Исходный;Выставлен. Подписан получателем;13.01.2018;09.01.2018;12.02.2018;;"""""";;;"""""";;"""""";"""""";;;"""18440""";25.10.2016;ТТН-1;ТТН-1;402961;ЮФ;"""2374695""";09.01.2018;171,26;0;34,26;205,52
112;690546768;;"Частное торговое унитарное предприятие ""Никхим""";603;Продавец;Шеченков Владимир Викторович;112;691772248;;"Общество с ограниченной ответственностью ""ХимПромОил""";107;Покупатель; ;690546768-2018-0000000008;;Исходный;Выставлен. Подписан получателем;28.01.2018;09.01.2018;12.02.2018;;"""""";;;"""""";;"""""";"""""";;;"""176/06-15""";21.06.2017;ТТН-1;;402861;ЭК;"""0040389""";09.01.2018;1887;0;377,4;2264,4
112;690314876;     ;"РУП ""Белоруснефть-Минскоблнефтепродукт""";606;Продавец;Ермачёк Галина Владимировна;112;691772248;     ;"ООО ""ХимПромОил""";107;Покупатель; ;690314876-2018-0800000492;;Исходный;Выставлен. Подписан получателем;16.01.2018;08.01.2018;13.02.2018;;"""""";;;"""""";;"""""";"""""";;;"""1061/2017""";19.10.2017;ТТН-1;Расходная накладная (нефтепродукты);402961;ЮР;"""1710000""";08.01.2018;6246,53;0;1249,31;7495,84
112;191875572;;"Частное торговое унитарное предприятие ""Роса-смазочные материалы""";112;Продавец;Гуринович Евгений Фёдорович;112;691772248;;"Общество с ограниченной ответственностью ""ХимПромОйл""";107;Покупатель; ;191875572-2018-0000000068;;Исходный;Выставлен. Подписан получателем;05.02.2018;08.01.2018;12.02.2018;;"""""";;;"""""";;"""""";"""""";;;"""29/09/2014-041М""";29.09.2014;ТТН-1;ТТН-1;402961;ЮФ;"""5604959""";08.01.2018;1971,79;0;394,36;2366,15
112;192713887;;"Общество с ограниченной ответственностью ""Миотэк""";102;Продавец;Апранич Денис Сергеевич;112;691772248;;Общество с ограниченной ответственностью ”ХимПромОил”;107;Покупатель; ;192713887-2018-0000001467;;Исходный;Выставлен. Подписан получателем;06.02.2018;05.01.2018;13.02.2018;;"""""";;;"""""";;"""""";"""""";;;"""Договор поставки № 2018-813""";04.01.2018;ТН-2;ТН-2;401951;ЖМ;"""0726293""";05.01.2018;25,5;0;5,1;30,6
112;490852530;     ;"Частное торгово-производственное унитарное предприятие ""Первое измерение""";435;Продавец;Баранова Ольга Сергеевна;112;691772248;     ;"Общество с ограниченной ответственностью ""ХимПромОил""";107;Покупатель; ;490852530-2018-0000000518;;Исходный;Выставлен. Подписан получателем;09.02.2018;05.01.2018;12.02.2018;;"""""";;;"""""";;"""""";"""""";;;"""Счет № 8905""";21.12.2017;ТН-2;ТН-2;401951;ЖС;"""0947973""";05.01.2018;483,4;0;96,68;580,08
112;200180562;     ;"Общество с ограниченной ответственностью ""Белинвестторг""";271;Продавец;Юсковец Татьяна Васильевна;112;691772248;     ;"Общество с ограниченной ответственностью ""ХимПромОил""";107;Покупатель; ;200180562-2018-0000000209;;Исходный;Выставлен. Подписан получателем;12.01.2018;05.01.2018;15.01.2018;;"""""";;;"""""";;"""""";"""""";;;"""834/17М""";18.08.2017;ТТН-1;ТТН-1;402961;ЮХ;"""4073161""";05.01.2018;856,68;0;171,34;1028,02
112;100144204;;"Унитарное предприятие по оказанию услуг ""Минское отделение Белорусской торгово-промышленной палаты""";108;Продавец;Шарлай Татьяна Николаевна;112;691772248;;"ООО ""ХИМПРОМОИЛ""";107;Покупатель; ;100144204-2018-0000002909;;Исходный;Выставлен. Подписан получателем;09.02.2018;05.01.2018;12.02.2018;;"""""";;;"""""";;"""""";"""""";;;"""2.0-2/136""";20.03.2017;Акт выполненных работ;;;;"""2/23""";05.01.2018;101,97;0;20,39;122,36
112;191751379;;"ЗАО ""Пожарные системы""";102;Продавец;Баева Алёна Алексеевна;112;691772248;;"ООО ""ХимПромОил""";107;Покупатель; ;191751379-2018-0000000132;;Исходный;Выставлен. Подписан получателем;15.01.2018;05.01.2018;12.02.2018;;"""""";;;"""""";;"""""";"""""";;;"""0004""";29.12.2017;ТН-2;;401951;ИХ;"""0991497""";05.01.2018;11,99;0;0;11,99
112;191751379;;"ЗАО ""Пожарные системы""";102;Продавец;Баева Алёна Алексеевна;112;691772248;;"ООО ""ХимПромОил""";107;Покупатель; ;191751379-2018-0000000131;;Исходный;Выставлен. Подписан получателем;15.01.2018;05.01.2018;12.02.2018;;"""""";;;"""""";;"""""";"""""";;;"""0004""";29.12.2017;ТН-2;;401951;ИХ;"""0991496""";05.01.2018;34,16;0;6,83;40,99
112;192745992;     ;"Закрытое акционерное общество ""Дилерский центр Столичный НЭКСТ""";104;Продавец;Пахолкина Виктория Васильевна;112;691772248;     ;"ООО ""ХимПромОил""";107;Покупатель; ;192745992-2018-0000005904;;Исходный;Выставлен. Подписан получателем;05.02.2018;05.01.2018;13.02.2018;;"""""";;;"""""";;"""""";"""""";;;"""12""";04.01.2018;ТН-2;;401951;ЖМ;"""0910180""";05.01.2018;36,95;0;7,39;44,34
112;191750875;;Стома А. А.;109;Продавец;Стома Андрей Анатольевич;112;691772248;;"ООО ""ХимПромОил""";107;Покупатель; ;191750875-2018-0000000009;;Исходный;Выставлен. Подписан получателем;06.02.2018;05.01.2018;12.02.2018;;"""""";;;"""""";;"""""";"""""";;;"""1""";04.01.2018;ТН-2;;401951;ИЭ;"""0127581""";05.01.2018;323,33;0;64,67;388
